game_id,network,run,run_type,critical_ms,playable_ms,total_ms
game_001,fast,0,cold,1220.0,3400.0,6380.0
game_001,fast,1,warm,1220.0,3400.0,6380.0
game_001,fast,2,warm,1220.0,3400.0,6380.0
game_001,fast,3,warm,1220.0,3400.0,6380.0
game_001,fast,4,warm,1220.0,3400.0,6380.0
game_001,fast,5,warm,1220.0,3400.0,6380.0
game_001,fast,6,warm,1220.0,3400.0,6380.0
game_001,fast,7,warm,1220.0,3400.0,6380.0
game_001,fast,8,warm,1220.0,3400.0,6380.0
game_001,fast,9,warm,1220.0,3400.0,6380.0
game_002,fast,0,cold,1780.0,4840.0,8860.0
game_002,fast,1,warm,1780.0,4840.0,8860.0
game_002,fast,2,warm,1780.0,4840.0,8860.0
game_002,fast,3,warm,1780.0,4840.0,8860.0
game_002,fast,4,warm,1780.0,4840.0,8860.0
game_002,fast,5,warm,1780.0,4840.0,8860.0
game_002,fast,6,warm,1780.0,4840.0,8860.0
game_002,fast,7,warm,1780.0,4840.0,8860.0
game_002,fast,8,warm,1780.0,4840.0,8860.0
game_002,fast,9,warm,1780.0,4840.0,8860.0
game_003,fast,0,cold,900.0,4840.0,9900.0
game_003,fast,1,warm,900.0,4840.0,9900.0
game_003,fast,2,warm,900.0,4840.0,9900.0
game_003,fast,3,warm,900.0,4840.0,9900.0
game_003,fast,4,warm,900.0,4840.0,9900.0
game_003,fast,5,warm,900.0,4840.0,9900.0
game_003,fast,6,warm,900.0,4840.0,9900.0
game_003,fast,7,warm,900.0,4840.0,9900.0
game_003,fast,8,warm,900.0,4840.0,9900.0
game_003,fast,9,warm,900.0,4840.0,9900.0
game_004,fast,0,cold,1460.0,3400.0,9500.0
game_004,fast,1,warm,1460.0,3400.0,9500.0
game_004,fast,2,warm,1460.0,3400.0,9500.0
game_004,fast,3,warm,1460.0,3400.0,9500.0
game_004,fast,4,warm,1460.0,3400.0,9500.0
game_004,fast,5,warm,1460.0,3400.0,9500.0
game_004,fast,6,warm,1460.0,3400.0,9500.0
game_004,fast,7,warm,1460.0,3400.0,9500.0
game_004,fast,8,warm,1460.0,3400.0,9500.0
game_004,fast,9,warm,1460.0,3400.0,9500.0
game_005,fast,0,cold,2020.0,4840.0,11980.0
game_005,fast,1,warm,2020.0,4840.0,11980.0
game_005,fast,2,warm,2020.0,4840.0,11980.0
game_005,fast,3,warm,2020.0,4840.0,11980.0
game_005,fast,4,warm,2020.0,4840.0,11980.0
game_005,fast,5,warm,2020.0,4840.0,11980.0
game_005,fast,6,warm,2020.0,4840.0,11980.0
game_005,fast,7,warm,2020.0,4840.0,11980.0
game_005,fast,8,warm,2020.0,4840.0,11980.0
game_005,fast,9,warm,2020.0,4840.0,11980.0
game_006,fast,0,cold,1140.0,4840.0,7260.0
game_006,fast,1,warm,1140.0,4840.0,7260.0
game_006,fast,2,warm,1140.0,4840.0,7260.0
game_006,fast,3,warm,1140.0,4840.0,7260.0
game_006,fast,4,warm,1140.0,4840.0,7260.0
game_006,fast,5,warm,1140.0,4840.0,7260.0
game_006,fast,6,warm,1140.0,4840.0,7260.0
game_006,fast,7,warm,1140.0,4840.0,7260.0
game_006,fast,8,warm,1140.0,4840.0,7260.0
game_006,fast,9,warm,1140.0,4840.0,7260.0
game_007,fast,0,cold,1700.0,3400.0,6860.0
game_007,fast,1,warm,1700.0,3400.0,6860.0
game_007,fast,2,warm,1700.0,3400.0,6860.0
game_007,fast,3,warm,1700.0,3400.0,6860.0
game_007,fast,4,warm,1700.0,3400.0,6860.0
game_007,fast,5,warm,1700.0,3400.0,6860.0
game_007,fast,6,warm,1700.0,3400.0,6860.0
game_007,fast,7,warm,1700.0,3400.0,6860.0
game_007,fast,8,warm,1700.0,3400.0,6860.0
game_007,fast,9,warm,1700.0,3400.0,6860.0
game_008,fast,0,cold,820.0,3400.0,7900.0
game_008,fast,1,warm,820.0,3400.0,7900.0
game_008,fast,2,warm,820.0,3400.0,7900.0
game_008,fast,3,warm,820.0,3400.0,7900.0
game_008,fast,4,warm,820.0,3400.0,7900.0
game_008,fast,5,warm,820.0,3400.0,7900.0
game_008,fast,6,warm,820.0,3400.0,7900.0
game_008,fast,7,warm,820.0,3400.0,7900.0
game_008,fast,8,warm,820.0,3400.0,7900.0
game_008,fast,9,warm,820.0,3400.0,7900.0
game_009,fast,0,cold,1380.0,4840.0,10380.0
game_009,fast,1,warm,1380.0,4840.0,10380.0
game_009,fast,2,warm,1380.0,4840.0,10380.0
game_009,fast,3,warm,1380.0,4840.0,10380.0
game_009,fast,4,warm,1380.0,4840.0,10380.0
game_009,fast,5,warm,1380.0,4840.0,10380.0
game_009,fast,6,warm,1380.0,4840.0,10380.0
game_009,fast,7,warm,1380.0,4840.0,10380.0
game_009,fast,8,warm,1380.0,4840.0,10380.0
game_009,fast,9,warm,1380.0,4840.0,10380.0
game_010,fast,0,cold,1940.0,3400.0,9980.0
game_010,fast,1,warm,1940.0,3400.0,9980.0
game_010,fast,2,warm,1940.0,3400.0,9980.0
game_010,fast,3,warm,1940.0,3400.0,9980.0
game_010,fast,4,warm,1940.0,3400.0,9980.0
game_010,fast,5,warm,1940.0,3400.0,9980.0
game_010,fast,6,warm,1940.0,3400.0,9980.0
game_010,fast,7,warm,1940.0,3400.0,9980.0
game_010,fast,8,warm,1940.0,3400.0,9980.0
game_010,fast,9,warm,1940.0,3400.0,9980.0
game_011,fast,0,cold,1060.0,3400.0,11020.0
game_011,fast,1,warm,1060.0,3400.0,11020.0
game_011,fast,2,warm,1060.0,3400.0,11020.0
game_011,fast,3,warm,1060.0,3400.0,11020.0
game_011,fast,4,warm,1060.0,3400.0,11020.0
game_011,fast,5,warm,1060.0,3400.0,11020.0
game_011,fast,6,warm,1060.0,3400.0,11020.0
game_011,fast,7,warm,1060.0,3400.0,11020.0
game_011,fast,8,warm,1060.0,3400.0,11020.0
game_011,fast,9,warm,1060.0,3400.0,11020.0
game_012,fast,0,cold,1620.0,4840.0,7740.0
game_012,fast,1,warm,1620.0,4840.0,7740.0
game_012,fast,2,warm,1620.0,4840.0,7740.0
game_012,fast,3,warm,1620.0,4840.0,7740.0
game_012,fast,4,warm,1620.0,4840.0,7740.0
game_012,fast,5,warm,1620.0,4840.0,7740.0
game_012,fast,6,warm,1620.0,4840.0,7740.0
game_012,fast,7,warm,1620.0,4840.0,7740.0
game_012,fast,8,warm,1620.0,4840.0,7740.0
game_012,fast,9,warm,1620.0,4840.0,7740.0
game_013,fast,0,cold,740.0,4840.0,8780.0
game_013,fast,1,warm,740.0,4840.0,8780.0
game_013,fast,2,warm,740.0,4840.0,8780.0
game_013,fast,3,warm,740.0,4840.0,8780.0
game_013,fast,4,warm,740.0,4840.0,8780.0
game_013,fast,5,warm,740.0,4840.0,8780.0
game_013,fast,6,warm,740.0,4840.0,8780.0
game_013,fast,7,warm,740.0,4840.0,8780.0
game_013,fast,8,warm,740.0,4840.0,8780.0
game_013,fast,9,warm,740.0,4840.0,8780.0
game_014,fast,0,cold,1300.0,3400.0,8380.0
game_014,fast,1,warm,1300.0,3400.0,8380.0
game_014,fast,2,warm,1300.0,3400.0,8380.0
game_014,fast,3,warm,1300.0,3400.0,8380.0
game_014,fast,4,warm,1300.0,3400.0,8380.0
game_014,fast,5,warm,1300.0,3400.0,8380.0
game_014,fast,6,warm,1300.0,3400.0,8380.0
game_014,fast,7,warm,1300.0,3400.0,8380.0
game_014,fast,8,warm,1300.0,3400.0,8380.0
game_014,fast,9,warm,1300.0,3400.0,8380.0
game_015,fast,0,cold,1860.0,4840.0,10860.0
game_015,fast,1,warm,1860.0,4840.0,10860.0
game_015,fast,2,warm,1860.0,4840.0,10860.0
game_015,fast,3,warm,1860.0,4840.0,10860.0
game_015,fast,4,warm,1860.0,4840.0,10860.0
game_015,fast,5,warm,1860.0,4840.0,10860.0
game_015,fast,6,warm,1860.0,4840.0,10860.0
game_015,fast,7,warm,1860.0,4840.0,10860.0
game_015,fast,8,warm,1860.0,4840.0,10860.0
game_015,fast,9,warm,1860.0,4840.0,10860.0
game_016,fast,0,cold,980.0,4840.0,11900.0
game_016,fast,1,warm,980.0,4840.0,11900.0
game_016,fast,2,warm,980.0,4840.0,11900.0
game_016,fast,3,warm,980.0,4840.0,11900.0
game_016,fast,4,warm,980.0,4840.0,11900.0
game_016,fast,5,warm,980.0,4840.0,11900.0
game_016,fast,6,warm,980.0,4840.0,11900.0
game_016,fast,7,warm,980.0,4840.0,11900.0
game_016,fast,8,warm,980.0,4840.0,11900.0
game_016,fast,9,warm,980.0,4840.0,11900.0
game_017,fast,0,cold,1540.0,3400.0,5740.0
game_017,fast,1,warm,1540.0,3400.0,5740.0
game_017,fast,2,warm,1540.0,3400.0,5740.0
game_017,fast,3,warm,1540.0,3400.0,5740.0
game_017,fast,4,warm,1540.0,3400.0,5740.0
game_017,fast,5,warm,1540.0,3400.0,5740.0
game_017,fast,6,warm,1540.0,3400.0,5740.0
game_017,fast,7,warm,1540.0,3400.0,5740.0
game_017,fast,8,warm,1540.0,3400.0,5740.0
game_017,fast,9,warm,1540.0,3400.0,5740.0
game_018,fast,0,cold,660.0,3400.0,6780.0
game_018,fast,1,warm,660.0,3400.0,6780.0
game_018,fast,2,warm,660.0,3400.0,6780.0
game_018,fast,3,warm,660.0,3400.0,6780.0
game_018,fast,4,warm,660.0,3400.0,6780.0
game_018,fast,5,warm,660.0,3400.0,6780.0
game_018,fast,6,warm,660.0,3400.0,6780.0
game_018,fast,7,warm,660.0,3400.0,6780.0
game_018,fast,8,warm,660.0,3400.0,6780.0
game_018,fast,9,warm,660.0,3400.0,6780.0
game_019,fast,0,cold,1220.0,4840.0,9260.0
game_019,fast,1,warm,1220.0,4840.0,9260.0
game_019,fast,2,warm,1220.0,4840.0,9260.0
game_019,fast,3,warm,1220.0,4840.0,9260.0
game_019,fast,4,warm,1220.0,4840.0,9260.0
game_019,fast,5,warm,1220.0,4840.0,9260.0
game_019,fast,6,warm,1220.0,4840.0,9260.0
game_019,fast,7,warm,1220.0,4840.0,9260.0
game_019,fast,8,warm,1220.0,4840.0,9260.0
game_019,fast,9,warm,1220.0,4840.0,9260.0
game_020,fast,0,cold,1780.0,3400.0,8860.0
game_020,fast,1,warm,1780.0,3400.0,8860.0
game_020,fast,2,warm,1780.0,3400.0,8860.0
game_020,fast,3,warm,1780.0,3400.0,8860.0
game_020,fast,4,warm,1780.0,3400.0,8860.0
game_020,fast,5,warm,1780.0,3400.0,8860.0
game_020,fast,6,warm,1780.0,3400.0,8860.0
game_020,fast,7,warm,1780.0,3400.0,8860.0
game_020,fast,8,warm,1780.0,3400.0,8860.0
game_020,fast,9,warm,1780.0,3400.0,8860.0
game_021,fast,0,cold,900.0,3400.0,9900.0
game_021,fast,1,warm,900.0,3400.0,9900.0
game_021,fast,2,warm,900.0,3400.0,9900.0
game_021,fast,3,warm,900.0,3400.0,9900.0
game_021,fast,4,warm,900.0,3400.0,9900.0
game_021,fast,5,warm,900.0,3400.0,9900.0
game_021,fast,6,warm,900.0,3400.0,9900.0
game_021,fast,7,warm,900.0,3400.0,9900.0
game_021,fast,8,warm,900.0,3400.0,9900.0
game_021,fast,9,warm,900.0,3400.0,9900.0
game_022,fast,0,cold,1460.0,4840.0,12380.0
game_022,fast,1,warm,1460.0,4840.0,12380.0
game_022,fast,2,warm,1460.0,4840.0,12380.0
game_022,fast,3,warm,1460.0,4840.0,12380.0
game_022,fast,4,warm,1460.0,4840.0,12380.0
game_022,fast,5,warm,1460.0,4840.0,12380.0
game_022,fast,6,warm,1460.0,4840.0,12380.0
game_022,fast,7,warm,1460.0,4840.0,12380.0
game_022,fast,8,warm,1460.0,4840.0,12380.0
game_022,fast,9,warm,1460.0,4840.0,12380.0
game_023,fast,0,cold,2020.0,3400.0,6220.0
game_023,fast,1,warm,2020.0,3400.0,6220.0
game_023,fast,2,warm,2020.0,3400.0,6220.0
game_023,fast,3,warm,2020.0,3400.0,6220.0
game_023,fast,4,warm,2020.0,3400.0,6220.0
game_023,fast,5,warm,2020.0,3400.0,6220.0
game_023,fast,6,warm,2020.0,3400.0,6220.0
game_023,fast,7,warm,2020.0,3400.0,6220.0
game_023,fast,8,warm,2020.0,3400.0,6220.0
game_023,fast,9,warm,2020.0,3400.0,6220.0
game_024,fast,0,cold,1140.0,3400.0,7260.0
game_024,fast,1,warm,1140.0,3400.0,7260.0
game_024,fast,2,warm,1140.0,3400.0,7260.0
game_024,fast,3,warm,1140.0,3400.0,7260.0
game_024,fast,4,warm,1140.0,3400.0,7260.0
game_024,fast,5,warm,1140.0,3400.0,7260.0
game_024,fast,6,warm,1140.0,3400.0,7260.0
game_024,fast,7,warm,1140.0,3400.0,7260.0
game_024,fast,8,warm,1140.0,3400.0,7260.0
game_024,fast,9,warm,1140.0,3400.0,7260.0
game_025,fast,0,cold,1700.0,4840.0,9740.0
game_025,fast,1,warm,1700.0,4840.0,9740.0
game_025,fast,2,warm,1700.0,4840.0,9740.0
game_025,fast,3,warm,1700.0,4840.0,9740.0
game_025,fast,4,warm,1700.0,4840.0,9740.0
game_025,fast,5,warm,1700.0,4840.0,9740.0
game_025,fast,6,warm,1700.0,4840.0,9740.0
game_025,fast,7,warm,1700.0,4840.0,9740.0
game_025,fast,8,warm,1700.0,4840.0,9740.0
game_025,fast,9,warm,1700.0,4840.0,9740.0
game_026,fast,0,cold,820.0,4840.0,10780.0
game_026,fast,1,warm,820.0,4840.0,10780.0
game_026,fast,2,warm,820.0,4840.0,10780.0
game_026,fast,3,warm,820.0,4840.0,10780.0
game_026,fast,4,warm,820.0,4840.0,10780.0
game_026,fast,5,warm,820.0,4840.0,10780.0
game_026,fast,6,warm,820.0,4840.0,10780.0
game_026,fast,7,warm,820.0,4840.0,10780.0
game_026,fast,8,warm,820.0,4840.0,10780.0
game_026,fast,9,warm,820.0,4840.0,10780.0
game_027,fast,0,cold,1380.0,3400.0,10380.0
game_027,fast,1,warm,1380.0,3400.0,10380.0
game_027,fast,2,warm,1380.0,3400.0,10380.0
game_027,fast,3,warm,1380.0,3400.0,10380.0
game_027,fast,4,warm,1380.0,3400.0,10380.0
game_027,fast,5,warm,1380.0,3400.0,10380.0
game_027,fast,6,warm,1380.0,3400.0,10380.0
game_027,fast,7,warm,1380.0,3400.0,10380.0
game_027,fast,8,warm,1380.0,3400.0,10380.0
game_027,fast,9,warm,1380.0,3400.0,10380.0
game_028,fast,0,cold,1940.0,4840.0,7100.0
game_028,fast,1,warm,1940.0,4840.0,7100.0
game_028,fast,2,warm,1940.0,4840.0,7100.0
game_028,fast,3,warm,1940.0,4840.0,7100.0
game_028,fast,4,warm,1940.0,4840.0,7100.0
game_028,fast,5,warm,1940.0,4840.0,7100.0
game_028,fast,6,warm,1940.0,4840.0,7100.0
game_028,fast,7,warm,1940.0,4840.0,7100.0
game_028,fast,8,warm,1940.0,4840.0,7100.0
game_028,fast,9,warm,1940.0,4840.0,7100.0
game_029,fast,0,cold,1060.0,4840.0,8140.0
game_029,fast,1,warm,1060.0,4840.0,8140.0
game_029,fast,2,warm,1060.0,4840.0,8140.0
game_029,fast,3,warm,1060.0,4840.0,8140.0
game_029,fast,4,warm,1060.0,4840.0,8140.0
game_029,fast,5,warm,1060.0,4840.0,8140.0
game_029,fast,6,warm,1060.0,4840.0,8140.0
game_029,fast,7,warm,1060.0,4840.0,8140.0
game_029,fast,8,warm,1060.0,4840.0,8140.0
game_029,fast,9,warm,1060.0,4840.0,8140.0
game_030,fast,0,cold,1620.0,3400.0,7740.0
game_030,fast,1,warm,1620.0,3400.0,7740.0
game_030,fast,2,warm,1620.0,3400.0,7740.0
game_030,fast,3,warm,1620.0,3400.0,7740.0
game_030,fast,4,warm,1620.0,3400.0,7740.0
game_030,fast,5,warm,1620.0,3400.0,7740.0
game_030,fast,6,warm,1620.0,3400.0,7740.0
game_030,fast,7,warm,1620.0,3400.0,7740.0
game_030,fast,8,warm,1620.0,3400.0,7740.0
game_030,fast,9,warm,1620.0,3400.0,7740.0
game_031,fast,0,cold,740.0,3400.0,8780.0
game_031,fast,1,warm,740.0,3400.0,8780.0
game_031,fast,2,warm,740.0,3400.0,8780.0
game_031,fast,3,warm,740.0,3400.0,8780.0
game_031,fast,4,warm,740.0,3400.0,8780.0
game_031,fast,5,warm,740.0,3400.0,8780.0
game_031,fast,6,warm,740.0,3400.0,8780.0
game_031,fast,7,warm,740.0,3400.0,8780.0
game_031,fast,8,warm,740.0,3400.0,8780.0
game_031,fast,9,warm,740.0,3400.0,8780.0
game_032,fast,0,cold,1300.0,4840.0,11260.0
game_032,fast,1,warm,1300.0,4840.0,11260.0
game_032,fast,2,warm,1300.0,4840.0,11260.0
game_032,fast,3,warm,1300.0,4840.0,11260.0
game_032,fast,4,warm,1300.0,4840.0,11260.0
game_032,fast,5,warm,1300.0,4840.0,11260.0
game_032,fast,6,warm,1300.0,4840.0,11260.0
game_032,fast,7,warm,1300.0,4840.0,11260.0
game_032,fast,8,warm,1300.0,4840.0,11260.0
game_032,fast,9,warm,1300.0,4840.0,11260.0
game_033,fast,0,cold,1860.0,3400.0,10860.0
game_033,fast,1,warm,1860.0,3400.0,10860.0
game_033,fast,2,warm,1860.0,3400.0,10860.0
game_033,fast,3,warm,1860.0,3400.0,10860.0
game_033,fast,4,warm,1860.0,3400.0,10860.0
game_033,fast,5,warm,1860.0,3400.0,10860.0
game_033,fast,6,warm,1860.0,3400.0,10860.0
game_033,fast,7,warm,1860.0,3400.0,10860.0
game_033,fast,8,warm,1860.0,3400.0,10860.0
game_033,fast,9,warm,1860.0,3400.0,10860.0
game_034,fast,0,cold,980.0,3400.0,6140.0
game_034,fast,1,warm,980.0,3400.0,6140.0
game_034,fast,2,warm,980.0,3400.0,6140.0
game_034,fast,3,warm,980.0,3400.0,6140.0
game_034,fast,4,warm,980.0,3400.0,6140.0
game_034,fast,5,warm,980.0,3400.0,6140.0
game_034,fast,6,warm,980.0,3400.0,6140.0
game_034,fast,7,warm,980.0,3400.0,6140.0
game_034,fast,8,warm,980.0,3400.0,6140.0
game_034,fast,9,warm,980.0,3400.0,6140.0
game_035,fast,0,cold,1540.0,4840.0,8620.0
game_035,fast,1,warm,1540.0,4840.0,8620.0
game_035,fast,2,warm,1540.0,4840.0,8620.0
game_035,fast,3,warm,1540.0,4840.0,8620.0
game_035,fast,4,warm,1540.0,4840.0,8620.0
game_035,fast,5,warm,1540.0,4840.0,8620.0
game_035,fast,6,warm,1540.0,4840.0,8620.0
game_035,fast,7,warm,1540.0,4840.0,8620.0
game_035,fast,8,warm,1540.0,4840.0,8620.0
game_035,fast,9,warm,1540.0,4840.0,8620.0
game_036,fast,0,cold,660.0,1960.0,6780.0
game_036,fast,1,warm,660.0,1960.0,6780.0
game_036,fast,2,warm,660.0,1960.0,6780.0
game_036,fast,3,warm,660.0,1960.0,6780.0
game_036,fast,4,warm,660.0,1960.0,6780.0
game_036,fast,5,warm,660.0,1960.0,6780.0
game_036,fast,6,warm,660.0,1960.0,6780.0
game_036,fast,7,warm,660.0,1960.0,6780.0
game_036,fast,8,warm,660.0,1960.0,6780.0
game_036,fast,9,warm,660.0,1960.0,6780.0
game_037,fast,0,cold,1220.0,3400.0,9260.0
game_037,fast,1,warm,1220.0,3400.0,9260.0
game_037,fast,2,warm,1220.0,3400.0,9260.0
game_037,fast,3,warm,1220.0,3400.0,9260.0
game_037,fast,4,warm,1220.0,3400.0,9260.0
game_037,fast,5,warm,1220.0,3400.0,9260.0
game_037,fast,6,warm,1220.0,3400.0,9260.0
game_037,fast,7,warm,1220.0,3400.0,9260.0
game_037,fast,8,warm,1220.0,3400.0,9260.0
game_037,fast,9,warm,1220.0,3400.0,9260.0
game_038,fast,0,cold,1780.0,4840.0,11740.0
game_038,fast,1,warm,1780.0,4840.0,11740.0
game_038,fast,2,warm,1780.0,4840.0,11740.0
game_038,fast,3,warm,1780.0,4840.0,11740.0
game_038,fast,4,warm,1780.0,4840.0,11740.0
game_038,fast,5,warm,1780.0,4840.0,11740.0
game_038,fast,6,warm,1780.0,4840.0,11740.0
game_038,fast,7,warm,1780.0,4840.0,11740.0
game_038,fast,8,warm,1780.0,4840.0,11740.0
game_038,fast,9,warm,1780.0,4840.0,11740.0
game_039,fast,0,cold,900.0,4840.0,7020.0
game_039,fast,1,warm,900.0,4840.0,7020.0
game_039,fast,2,warm,900.0,4840.0,7020.0
game_039,fast,3,warm,900.0,4840.0,7020.0
game_039,fast,4,warm,900.0,4840.0,7020.0
game_039,fast,5,warm,900.0,4840.0,7020.0
game_039,fast,6,warm,900.0,4840.0,7020.0
game_039,fast,7,warm,900.0,4840.0,7020.0
game_039,fast,8,warm,900.0,4840.0,7020.0
game_039,fast,9,warm,900.0,4840.0,7020.0
game_040,fast,0,cold,1460.0,3400.0,6620.0
game_040,fast,1,warm,1460.0,3400.0,6620.0
game_040,fast,2,warm,1460.0,3400.0,6620.0
game_040,fast,3,warm,1460.0,3400.0,6620.0
game_040,fast,4,warm,1460.0,3400.0,6620.0
game_040,fast,5,warm,1460.0,3400.0,6620.0
game_040,fast,6,warm,1460.0,3400.0,6620.0
game_040,fast,7,warm,1460.0,3400.0,6620.0
game_040,fast,8,warm,1460.0,3400.0,6620.0
game_040,fast,9,warm,1460.0,3400.0,6620.0
game_041,fast,0,cold,2020.0,4840.0,9100.0
game_041,fast,1,warm,2020.0,4840.0,9100.0
game_041,fast,2,warm,2020.0,4840.0,9100.0
game_041,fast,3,warm,2020.0,4840.0,9100.0
game_041,fast,4,warm,2020.0,4840.0,9100.0
game_041,fast,5,warm,2020.0,4840.0,9100.0
game_041,fast,6,warm,2020.0,4840.0,9100.0
game_041,fast,7,warm,2020.0,4840.0,9100.0
game_041,fast,8,warm,2020.0,4840.0,9100.0
game_041,fast,9,warm,2020.0,4840.0,9100.0
game_042,fast,0,cold,1140.0,4840.0,10140.0
game_042,fast,1,warm,1140.0,4840.0,10140.0
game_042,fast,2,warm,1140.0,4840.0,10140.0
game_042,fast,3,warm,1140.0,4840.0,10140.0
game_042,fast,4,warm,1140.0,4840.0,10140.0
game_042,fast,5,warm,1140.0,4840.0,10140.0
game_042,fast,6,warm,1140.0,4840.0,10140.0
game_042,fast,7,warm,1140.0,4840.0,10140.0
game_042,fast,8,warm,1140.0,4840.0,10140.0
game_042,fast,9,warm,1140.0,4840.0,10140.0
game_043,fast,0,cold,1700.0,3400.0,9740.0
game_043,fast,1,warm,1700.0,3400.0,9740.0
game_043,fast,2,warm,1700.0,3400.0,9740.0
game_043,fast,3,warm,1700.0,3400.0,9740.0
game_043,fast,4,warm,1700.0,3400.0,9740.0
game_043,fast,5,warm,1700.0,3400.0,9740.0
game_043,fast,6,warm,1700.0,3400.0,9740.0
game_043,fast,7,warm,1700.0,3400.0,9740.0
game_043,fast,8,warm,1700.0,3400.0,9740.0
game_043,fast,9,warm,1700.0,3400.0,9740.0
game_044,fast,0,cold,820.0,3400.0,10780.0
game_044,fast,1,warm,820.0,3400.0,10780.0
game_044,fast,2,warm,820.0,3400.0,10780.0
game_044,fast,3,warm,820.0,3400.0,10780.0
game_044,fast,4,warm,820.0,3400.0,10780.0
game_044,fast,5,warm,820.0,3400.0,10780.0
game_044,fast,6,warm,820.0,3400.0,10780.0
game_044,fast,7,warm,820.0,3400.0,10780.0
game_044,fast,8,warm,820.0,3400.0,10780.0
game_044,fast,9,warm,820.0,3400.0,10780.0
game_045,fast,0,cold,1380.0,4840.0,7500.0
game_045,fast,1,warm,1380.0,4840.0,7500.0
game_045,fast,2,warm,1380.0,4840.0,7500.0
game_045,fast,3,warm,1380.0,4840.0,7500.0
game_045,fast,4,warm,1380.0,4840.0,7500.0
game_045,fast,5,warm,1380.0,4840.0,7500.0
game_045,fast,6,warm,1380.0,4840.0,7500.0
game_045,fast,7,warm,1380.0,4840.0,7500.0
game_045,fast,8,warm,1380.0,4840.0,7500.0
game_045,fast,9,warm,1380.0,4840.0,7500.0
game_046,fast,0,cold,1940.0,3400.0,7100.0
game_046,fast,1,warm,1940.0,3400.0,7100.0
game_046,fast,2,warm,1940.0,3400.0,7100.0
game_046,fast,3,warm,1940.0,3400.0,7100.0
game_046,fast,4,warm,1940.0,3400.0,7100.0
game_046,fast,5,warm,1940.0,3400.0,7100.0
game_046,fast,6,warm,1940.0,3400.0,7100.0
game_046,fast,7,warm,1940.0,3400.0,7100.0
game_046,fast,8,warm,1940.0,3400.0,7100.0
game_046,fast,9,warm,1940.0,3400.0,7100.0
game_047,fast,0,cold,1060.0,3400.0,8140.0
game_047,fast,1,warm,1060.0,3400.0,8140.0
game_047,fast,2,warm,1060.0,3400.0,8140.0
game_047,fast,3,warm,1060.0,3400.0,8140.0
game_047,fast,4,warm,1060.0,3400.0,8140.0
game_047,fast,5,warm,1060.0,3400.0,8140.0
game_047,fast,6,warm,1060.0,3400.0,8140.0
game_047,fast,7,warm,1060.0,3400.0,8140.0
game_047,fast,8,warm,1060.0,3400.0,8140.0
game_047,fast,9,warm,1060.0,3400.0,8140.0
game_048,fast,0,cold,1620.0,4840.0,10620.0
game_048,fast,1,warm,1620.0,4840.0,10620.0
game_048,fast,2,warm,1620.0,4840.0,10620.0
game_048,fast,3,warm,1620.0,4840.0,10620.0
game_048,fast,4,warm,1620.0,4840.0,10620.0
game_048,fast,5,warm,1620.0,4840.0,10620.0
game_048,fast,6,warm,1620.0,4840.0,10620.0
game_048,fast,7,warm,1620.0,4840.0,10620.0
game_048,fast,8,warm,1620.0,4840.0,10620.0
game_048,fast,9,warm,1620.0,4840.0,10620.0
game_049,fast,0,cold,740.0,4840.0,11660.0
game_049,fast,1,warm,740.0,4840.0,11660.0
game_049,fast,2,warm,740.0,4840.0,11660.0
game_049,fast,3,warm,740.0,4840.0,11660.0
game_049,fast,4,warm,740.0,4840.0,11660.0
game_049,fast,5,warm,740.0,4840.0,11660.0
game_049,fast,6,warm,740.0,4840.0,11660.0
game_049,fast,7,warm,740.0,4840.0,11660.0
game_049,fast,8,warm,740.0,4840.0,11660.0
game_049,fast,9,warm,740.0,4840.0,11660.0
game_050,fast,0,cold,1300.0,3400.0,5500.0
game_050,fast,1,warm,1300.0,3400.0,5500.0
game_050,fast,2,warm,1300.0,3400.0,5500.0
game_050,fast,3,warm,1300.0,3400.0,5500.0
game_050,fast,4,warm,1300.0,3400.0,5500.0
game_050,fast,5,warm,1300.0,3400.0,5500.0
game_050,fast,6,warm,1300.0,3400.0,5500.0
game_050,fast,7,warm,1300.0,3400.0,5500.0
game_050,fast,8,warm,1300.0,3400.0,5500.0
game_050,fast,9,warm,1300.0,3400.0,5500.0
game_051,fast,0,cold,1860.0,4840.0,7980.0
game_051,fast,1,warm,1860.0,4840.0,7980.0
game_051,fast,2,warm,1860.0,4840.0,7980.0
game_051,fast,3,warm,1860.0,4840.0,7980.0
game_051,fast,4,warm,1860.0,4840.0,7980.0
game_051,fast,5,warm,1860.0,4840.0,7980.0
game_051,fast,6,warm,1860.0,4840.0,7980.0
game_051,fast,7,warm,1860.0,4840.0,7980.0
game_051,fast,8,warm,1860.0,4840.0,7980.0
game_051,fast,9,warm,1860.0,4840.0,7980.0
game_052,fast,0,cold,980.0,4840.0,9020.0
game_052,fast,1,warm,980.0,4840.0,9020.0
game_052,fast,2,warm,980.0,4840.0,9020.0
game_052,fast,3,warm,980.0,4840.0,9020.0
game_052,fast,4,warm,980.0,4840.0,9020.0
game_052,fast,5,warm,980.0,4840.0,9020.0
game_052,fast,6,warm,980.0,4840.0,9020.0
game_052,fast,7,warm,980.0,4840.0,9020.0
game_052,fast,8,warm,980.0,4840.0,9020.0
game_052,fast,9,warm,980.0,4840.0,9020.0
game_053,fast,0,cold,1540.0,3400.0,8620.0
game_053,fast,1,warm,1540.0,3400.0,8620.0
game_053,fast,2,warm,1540.0,3400.0,8620.0
game_053,fast,3,warm,1540.0,3400.0,8620.0
game_053,fast,4,warm,1540.0,3400.0,8620.0
game_053,fast,5,warm,1540.0,3400.0,8620.0
game_053,fast,6,warm,1540.0,3400.0,8620.0
game_053,fast,7,warm,1540.0,3400.0,8620.0
game_053,fast,8,warm,1540.0,3400.0,8620.0
game_053,fast,9,warm,1540.0,3400.0,8620.0
game_054,fast,0,cold,660.0,3400.0,9660.0
game_054,fast,1,warm,660.0,3400.0,9660.0
game_054,fast,2,warm,660.0,3400.0,9660.0
game_054,fast,3,warm,660.0,3400.0,9660.0
game_054,fast,4,warm,660.0,3400.0,9660.0
game_054,fast,5,warm,660.0,3400.0,9660.0
game_054,fast,6,warm,660.0,3400.0,9660.0
game_054,fast,7,warm,660.0,3400.0,9660.0
game_054,fast,8,warm,660.0,3400.0,9660.0
game_054,fast,9,warm,660.0,3400.0,9660.0
game_055,fast,0,cold,1220.0,4840.0,12140.0
game_055,fast,1,warm,1220.0,4840.0,12140.0
game_055,fast,2,warm,1220.0,4840.0,12140.0
game_055,fast,3,warm,1220.0,4840.0,12140.0
game_055,fast,4,warm,1220.0,4840.0,12140.0
game_055,fast,5,warm,1220.0,4840.0,12140.0
game_055,fast,6,warm,1220.0,4840.0,12140.0
game_055,fast,7,warm,1220.0,4840.0,12140.0
game_055,fast,8,warm,1220.0,4840.0,12140.0
game_055,fast,9,warm,1220.0,4840.0,12140.0
game_056,fast,0,cold,1780.0,3400.0,5980.0
game_056,fast,1,warm,1780.0,3400.0,5980.0
game_056,fast,2,warm,1780.0,3400.0,5980.0
game_056,fast,3,warm,1780.0,3400.0,5980.0
game_056,fast,4,warm,1780.0,3400.0,5980.0
game_056,fast,5,warm,1780.0,3400.0,5980.0
game_056,fast,6,warm,1780.0,3400.0,5980.0
game_056,fast,7,warm,1780.0,3400.0,5980.0
game_056,fast,8,warm,1780.0,3400.0,5980.0
game_056,fast,9,warm,1780.0,3400.0,5980.0
game_057,fast,0,cold,900.0,3400.0,7020.0
game_057,fast,1,warm,900.0,3400.0,7020.0
game_057,fast,2,warm,900.0,3400.0,7020.0
game_057,fast,3,warm,900.0,3400.0,7020.0
game_057,fast,4,warm,900.0,3400.0,7020.0
game_057,fast,5,warm,900.0,3400.0,7020.0
game_057,fast,6,warm,900.0,3400.0,7020.0
game_057,fast,7,warm,900.0,3400.0,7020.0
game_057,fast,8,warm,900.0,3400.0,7020.0
game_057,fast,9,warm,900.0,3400.0,7020.0
game_058,fast,0,cold,1460.0,4840.0,9500.0
game_058,fast,1,warm,1460.0,4840.0,9500.0
game_058,fast,2,warm,1460.0,4840.0,9500.0
game_058,fast,3,warm,1460.0,4840.0,9500.0
game_058,fast,4,warm,1460.0,4840.0,9500.0
game_058,fast,5,warm,1460.0,4840.0,9500.0
game_058,fast,6,warm,1460.0,4840.0,9500.0
game_058,fast,7,warm,1460.0,4840.0,9500.0
game_058,fast,8,warm,1460.0,4840.0,9500.0
game_058,fast,9,warm,1460.0,4840.0,9500.0
game_059,fast,0,cold,2020.0,3400.0,9100.0
game_059,fast,1,warm,2020.0,3400.0,9100.0
game_059,fast,2,warm,2020.0,3400.0,9100.0
game_059,fast,3,warm,2020.0,3400.0,9100.0
game_059,fast,4,warm,2020.0,3400.0,9100.0
game_059,fast,5,warm,2020.0,3400.0,9100.0
game_059,fast,6,warm,2020.0,3400.0,9100.0
game_059,fast,7,warm,2020.0,3400.0,9100.0
game_059,fast,8,warm,2020.0,3400.0,9100.0
game_059,fast,9,warm,2020.0,3400.0,9100.0
game_060,fast,0,cold,1140.0,3400.0,10140.0
game_060,fast,1,warm,1140.0,3400.0,10140.0
game_060,fast,2,warm,1140.0,3400.0,10140.0
game_060,fast,3,warm,1140.0,3400.0,10140.0
game_060,fast,4,warm,1140.0,3400.0,10140.0
game_060,fast,5,warm,1140.0,3400.0,10140.0
game_060,fast,6,warm,1140.0,3400.0,10140.0
game_060,fast,7,warm,1140.0,3400.0,10140.0
game_060,fast,8,warm,1140.0,3400.0,10140.0
game_060,fast,9,warm,1140.0,3400.0,10140.0
game_061,fast,0,cold,1700.0,4840.0,6860.0
game_061,fast,1,warm,1700.0,4840.0,6860.0
game_061,fast,2,warm,1700.0,4840.0,6860.0
game_061,fast,3,warm,1700.0,4840.0,6860.0
game_061,fast,4,warm,1700.0,4840.0,6860.0
game_061,fast,5,warm,1700.0,4840.0,6860.0
game_061,fast,6,warm,1700.0,4840.0,6860.0
game_061,fast,7,warm,1700.0,4840.0,6860.0
game_061,fast,8,warm,1700.0,4840.0,6860.0
game_061,fast,9,warm,1700.0,4840.0,6860.0
game_062,fast,0,cold,820.0,4840.0,7900.0
game_062,fast,1,warm,820.0,4840.0,7900.0
game_062,fast,2,warm,820.0,4840.0,7900.0
game_062,fast,3,warm,820.0,4840.0,7900.0
game_062,fast,4,warm,820.0,4840.0,7900.0
game_062,fast,5,warm,820.0,4840.0,7900.0
game_062,fast,6,warm,820.0,4840.0,7900.0
game_062,fast,7,warm,820.0,4840.0,7900.0
game_062,fast,8,warm,820.0,4840.0,7900.0
game_062,fast,9,warm,820.0,4840.0,7900.0
game_063,fast,0,cold,1380.0,3400.0,7500.0
game_063,fast,1,warm,1380.0,3400.0,7500.0
game_063,fast,2,warm,1380.0,3400.0,7500.0
game_063,fast,3,warm,1380.0,3400.0,7500.0
game_063,fast,4,warm,1380.0,3400.0,7500.0
game_063,fast,5,warm,1380.0,3400.0,7500.0
game_063,fast,6,warm,1380.0,3400.0,7500.0
game_063,fast,7,warm,1380.0,3400.0,7500.0
game_063,fast,8,warm,1380.0,3400.0,7500.0
game_063,fast,9,warm,1380.0,3400.0,7500.0
game_064,fast,0,cold,1940.0,4840.0,9980.0
game_064,fast,1,warm,1940.0,4840.0,9980.0
game_064,fast,2,warm,1940.0,4840.0,9980.0
game_064,fast,3,warm,1940.0,4840.0,9980.0
game_064,fast,4,warm,1940.0,4840.0,9980.0
game_064,fast,5,warm,1940.0,4840.0,9980.0
game_064,fast,6,warm,1940.0,4840.0,9980.0
game_064,fast,7,warm,1940.0,4840.0,9980.0
game_064,fast,8,warm,1940.0,4840.0,9980.0
game_064,fast,9,warm,1940.0,4840.0,9980.0
game_065,fast,0,cold,1060.0,4840.0,11020.0
game_065,fast,1,warm,1060.0,4840.0,11020.0
game_065,fast,2,warm,1060.0,4840.0,11020.0
game_065,fast,3,warm,1060.0,4840.0,11020.0
game_065,fast,4,warm,1060.0,4840.0,11020.0
game_065,fast,5,warm,1060.0,4840.0,11020.0
game_065,fast,6,warm,1060.0,4840.0,11020.0
game_065,fast,7,warm,1060.0,4840.0,11020.0
game_065,fast,8,warm,1060.0,4840.0,11020.0
game_065,fast,9,warm,1060.0,4840.0,11020.0
game_066,fast,0,cold,1620.0,3400.0,10620.0
game_066,fast,1,warm,1620.0,3400.0,10620.0
game_066,fast,2,warm,1620.0,3400.0,10620.0
game_066,fast,3,warm,1620.0,3400.0,10620.0
game_066,fast,4,warm,1620.0,3400.0,10620.0
game_066,fast,5,warm,1620.0,3400.0,10620.0
game_066,fast,6,warm,1620.0,3400.0,10620.0
game_066,fast,7,warm,1620.0,3400.0,10620.0
game_066,fast,8,warm,1620.0,3400.0,10620.0
game_066,fast,9,warm,1620.0,3400.0,10620.0
game_067,fast,0,cold,740.0,3400.0,5900.0
game_067,fast,1,warm,740.0,3400.0,5900.0
game_067,fast,2,warm,740.0,3400.0,5900.0
game_067,fast,3,warm,740.0,3400.0,5900.0
game_067,fast,4,warm,740.0,3400.0,5900.0
game_067,fast,5,warm,740.0,3400.0,5900.0
game_067,fast,6,warm,740.0,3400.0,5900.0
game_067,fast,7,warm,740.0,3400.0,5900.0
game_067,fast,8,warm,740.0,3400.0,5900.0
game_067,fast,9,warm,740.0,3400.0,5900.0
game_068,fast,0,cold,1300.0,4840.0,8380.0
game_068,fast,1,warm,1300.0,4840.0,8380.0
game_068,fast,2,warm,1300.0,4840.0,8380.0
game_068,fast,3,warm,1300.0,4840.0,8380.0
game_068,fast,4,warm,1300.0,4840.0,8380.0
game_068,fast,5,warm,1300.0,4840.0,8380.0
game_068,fast,6,warm,1300.0,4840.0,8380.0
game_068,fast,7,warm,1300.0,4840.0,8380.0
game_068,fast,8,warm,1300.0,4840.0,8380.0
game_068,fast,9,warm,1300.0,4840.0,8380.0
game_069,fast,0,cold,1860.0,3400.0,7980.0
game_069,fast,1,warm,1860.0,3400.0,7980.0
game_069,fast,2,warm,1860.0,3400.0,7980.0
game_069,fast,3,warm,1860.0,3400.0,7980.0
game_069,fast,4,warm,1860.0,3400.0,7980.0
game_069,fast,5,warm,1860.0,3400.0,7980.0
game_069,fast,6,warm,1860.0,3400.0,7980.0
game_069,fast,7,warm,1860.0,3400.0,7980.0
game_069,fast,8,warm,1860.0,3400.0,7980.0
game_069,fast,9,warm,1860.0,3400.0,7980.0
game_070,fast,0,cold,980.0,3400.0,9020.0
game_070,fast,1,warm,980.0,3400.0,9020.0
game_070,fast,2,warm,980.0,3400.0,9020.0
game_070,fast,3,warm,980.0,3400.0,9020.0
game_070,fast,4,warm,980.0,3400.0,9020.0
game_070,fast,5,warm,980.0,3400.0,9020.0
game_070,fast,6,warm,980.0,3400.0,9020.0
game_070,fast,7,warm,980.0,3400.0,9020.0
game_070,fast,8,warm,980.0,3400.0,9020.0
game_070,fast,9,warm,980.0,3400.0,9020.0
game_071,fast,0,cold,1540.0,4840.0,11500.0
game_071,fast,1,warm,1540.0,4840.0,11500.0
game_071,fast,2,warm,1540.0,4840.0,11500.0
game_071,fast,3,warm,1540.0,4840.0,11500.0
game_071,fast,4,warm,1540.0,4840.0,11500.0
game_071,fast,5,warm,1540.0,4840.0,11500.0
game_071,fast,6,warm,1540.0,4840.0,11500.0
game_071,fast,7,warm,1540.0,4840.0,11500.0
game_071,fast,8,warm,1540.0,4840.0,11500.0
game_071,fast,9,warm,1540.0,4840.0,11500.0
game_072,fast,0,cold,660.0,1960.0,3900.0
game_072,fast,1,warm,660.0,1960.0,3900.0
game_072,fast,2,warm,660.0,1960.0,3900.0
game_072,fast,3,warm,660.0,1960.0,3900.0
game_072,fast,4,warm,660.0,1960.0,3900.0
game_072,fast,5,warm,660.0,1960.0,3900.0
game_072,fast,6,warm,660.0,1960.0,3900.0
game_072,fast,7,warm,660.0,1960.0,3900.0
game_072,fast,8,warm,660.0,1960.0,3900.0
game_072,fast,9,warm,660.0,1960.0,3900.0
game_073,fast,0,cold,1220.0,3400.0,6380.0
game_073,fast,1,warm,1220.0,3400.0,6380.0
game_073,fast,2,warm,1220.0,3400.0,6380.0
game_073,fast,3,warm,1220.0,3400.0,6380.0
game_073,fast,4,warm,1220.0,3400.0,6380.0
game_073,fast,5,warm,1220.0,3400.0,6380.0
game_073,fast,6,warm,1220.0,3400.0,6380.0
game_073,fast,7,warm,1220.0,3400.0,6380.0
game_073,fast,8,warm,1220.0,3400.0,6380.0
game_073,fast,9,warm,1220.0,3400.0,6380.0
game_074,fast,0,cold,1780.0,4840.0,8860.0
game_074,fast,1,warm,1780.0,4840.0,8860.0
game_074,fast,2,warm,1780.0,4840.0,8860.0
game_074,fast,3,warm,1780.0,4840.0,8860.0
game_074,fast,4,warm,1780.0,4840.0,8860.0
game_074,fast,5,warm,1780.0,4840.0,8860.0
game_074,fast,6,warm,1780.0,4840.0,8860.0
game_074,fast,7,warm,1780.0,4840.0,8860.0
game_074,fast,8,warm,1780.0,4840.0,8860.0
game_074,fast,9,warm,1780.0,4840.0,8860.0
game_075,fast,0,cold,900.0,4840.0,9900.0
game_075,fast,1,warm,900.0,4840.0,9900.0
game_075,fast,2,warm,900.0,4840.0,9900.0
game_075,fast,3,warm,900.0,4840.0,9900.0
game_075,fast,4,warm,900.0,4840.0,9900.0
game_075,fast,5,warm,900.0,4840.0,9900.0
game_075,fast,6,warm,900.0,4840.0,9900.0
game_075,fast,7,warm,900.0,4840.0,9900.0
game_075,fast,8,warm,900.0,4840.0,9900.0
game_075,fast,9,warm,900.0,4840.0,9900.0
game_076,fast,0,cold,1460.0,3400.0,9500.0
game_076,fast,1,warm,1460.0,3400.0,9500.0
game_076,fast,2,warm,1460.0,3400.0,9500.0
game_076,fast,3,warm,1460.0,3400.0,9500.0
game_076,fast,4,warm,1460.0,3400.0,9500.0
game_076,fast,5,warm,1460.0,3400.0,9500.0
game_076,fast,6,warm,1460.0,3400.0,9500.0
game_076,fast,7,warm,1460.0,3400.0,9500.0
game_076,fast,8,warm,1460.0,3400.0,9500.0
game_076,fast,9,warm,1460.0,3400.0,9500.0
game_077,fast,0,cold,2020.0,4840.0,11980.0
game_077,fast,1,warm,2020.0,4840.0,11980.0
game_077,fast,2,warm,2020.0,4840.0,11980.0
game_077,fast,3,warm,2020.0,4840.0,11980.0
game_077,fast,4,warm,2020.0,4840.0,11980.0
game_077,fast,5,warm,2020.0,4840.0,11980.0
game_077,fast,6,warm,2020.0,4840.0,11980.0
game_077,fast,7,warm,2020.0,4840.0,11980.0
game_077,fast,8,warm,2020.0,4840.0,11980.0
game_077,fast,9,warm,2020.0,4840.0,11980.0
game_078,fast,0,cold,1140.0,4840.0,7260.0
game_078,fast,1,warm,1140.0,4840.0,7260.0
game_078,fast,2,warm,1140.0,4840.0,7260.0
game_078,fast,3,warm,1140.0,4840.0,7260.0
game_078,fast,4,warm,1140.0,4840.0,7260.0
game_078,fast,5,warm,1140.0,4840.0,7260.0
game_078,fast,6,warm,1140.0,4840.0,7260.0
game_078,fast,7,warm,1140.0,4840.0,7260.0
game_078,fast,8,warm,1140.0,4840.0,7260.0
game_078,fast,9,warm,1140.0,4840.0,7260.0
game_079,fast,0,cold,1700.0,3400.0,6860.0
game_079,fast,1,warm,1700.0,3400.0,6860.0
game_079,fast,2,warm,1700.0,3400.0,6860.0
game_079,fast,3,warm,1700.0,3400.0,6860.0
game_079,fast,4,warm,1700.0,3400.0,6860.0
game_079,fast,5,warm,1700.0,3400.0,6860.0
game_079,fast,6,warm,1700.0,3400.0,6860.0
game_079,fast,7,warm,1700.0,3400.0,6860.0
game_079,fast,8,warm,1700.0,3400.0,6860.0
game_079,fast,9,warm,1700.0,3400.0,6860.0
game_080,fast,0,cold,820.0,3400.0,7900.0
game_080,fast,1,warm,820.0,3400.0,7900.0
game_080,fast,2,warm,820.0,3400.0,7900.0
game_080,fast,3,warm,820.0,3400.0,7900.0
game_080,fast,4,warm,820.0,3400.0,7900.0
game_080,fast,5,warm,820.0,3400.0,7900.0
game_080,fast,6,warm,820.0,3400.0,7900.0
game_080,fast,7,warm,820.0,3400.0,7900.0
game_080,fast,8,warm,820.0,3400.0,7900.0
game_080,fast,9,warm,820.0,3400.0,7900.0
game_081,fast,0,cold,1380.0,4840.0,10380.0
game_081,fast,1,warm,1380.0,4840.0,10380.0
game_081,fast,2,warm,1380.0,4840.0,10380.0
game_081,fast,3,warm,1380.0,4840.0,10380.0
game_081,fast,4,warm,1380.0,4840.0,10380.0
game_081,fast,5,warm,1380.0,4840.0,10380.0
game_081,fast,6,warm,1380.0,4840.0,10380.0
game_081,fast,7,warm,1380.0,4840.0,10380.0
game_081,fast,8,warm,1380.0,4840.0,10380.0
game_081,fast,9,warm,1380.0,4840.0,10380.0
game_082,fast,0,cold,1940.0,3400.0,9980.0
game_082,fast,1,warm,1940.0,3400.0,9980.0
game_082,fast,2,warm,1940.0,3400.0,9980.0
game_082,fast,3,warm,1940.0,3400.0,9980.0
game_082,fast,4,warm,1940.0,3400.0,9980.0
game_082,fast,5,warm,1940.0,3400.0,9980.0
game_082,fast,6,warm,1940.0,3400.0,9980.0
game_082,fast,7,warm,1940.0,3400.0,9980.0
game_082,fast,8,warm,1940.0,3400.0,9980.0
game_082,fast,9,warm,1940.0,3400.0,9980.0
game_083,fast,0,cold,1060.0,3400.0,11020.0
game_083,fast,1,warm,1060.0,3400.0,11020.0
game_083,fast,2,warm,1060.0,3400.0,11020.0
game_083,fast,3,warm,1060.0,3400.0,11020.0
game_083,fast,4,warm,1060.0,3400.0,11020.0
game_083,fast,5,warm,1060.0,3400.0,11020.0
game_083,fast,6,warm,1060.0,3400.0,11020.0
game_083,fast,7,warm,1060.0,3400.0,11020.0
game_083,fast,8,warm,1060.0,3400.0,11020.0
game_083,fast,9,warm,1060.0,3400.0,11020.0
game_084,fast,0,cold,1620.0,4840.0,7740.0
game_084,fast,1,warm,1620.0,4840.0,7740.0
game_084,fast,2,warm,1620.0,4840.0,7740.0
game_084,fast,3,warm,1620.0,4840.0,7740.0
game_084,fast,4,warm,1620.0,4840.0,7740.0
game_084,fast,5,warm,1620.0,4840.0,7740.0
game_084,fast,6,warm,1620.0,4840.0,7740.0
game_084,fast,7,warm,1620.0,4840.0,7740.0
game_084,fast,8,warm,1620.0,4840.0,7740.0
game_084,fast,9,warm,1620.0,4840.0,7740.0
game_085,fast,0,cold,740.0,4840.0,8780.0
game_085,fast,1,warm,740.0,4840.0,8780.0
game_085,fast,2,warm,740.0,4840.0,8780.0
game_085,fast,3,warm,740.0,4840.0,8780.0
game_085,fast,4,warm,740.0,4840.0,8780.0
game_085,fast,5,warm,740.0,4840.0,8780.0
game_085,fast,6,warm,740.0,4840.0,8780.0
game_085,fast,7,warm,740.0,4840.0,8780.0
game_085,fast,8,warm,740.0,4840.0,8780.0
game_085,fast,9,warm,740.0,4840.0,8780.0
game_086,fast,0,cold,1300.0,3400.0,8380.0
game_086,fast,1,warm,1300.0,3400.0,8380.0
game_086,fast,2,warm,1300.0,3400.0,8380.0
game_086,fast,3,warm,1300.0,3400.0,8380.0
game_086,fast,4,warm,1300.0,3400.0,8380.0
game_086,fast,5,warm,1300.0,3400.0,8380.0
game_086,fast,6,warm,1300.0,3400.0,8380.0
game_086,fast,7,warm,1300.0,3400.0,8380.0
game_086,fast,8,warm,1300.0,3400.0,8380.0
game_086,fast,9,warm,1300.0,3400.0,8380.0
game_087,fast,0,cold,1860.0,4840.0,10860.0
game_087,fast,1,warm,1860.0,4840.0,10860.0
game_087,fast,2,warm,1860.0,4840.0,10860.0
game_087,fast,3,warm,1860.0,4840.0,10860.0
game_087,fast,4,warm,1860.0,4840.0,10860.0
game_087,fast,5,warm,1860.0,4840.0,10860.0
game_087,fast,6,warm,1860.0,4840.0,10860.0
game_087,fast,7,warm,1860.0,4840.0,10860.0
game_087,fast,8,warm,1860.0,4840.0,10860.0
game_087,fast,9,warm,1860.0,4840.0,10860.0
game_088,fast,0,cold,980.0,4840.0,11900.0
game_088,fast,1,warm,980.0,4840.0,11900.0
game_088,fast,2,warm,980.0,4840.0,11900.0
game_088,fast,3,warm,980.0,4840.0,11900.0
game_088,fast,4,warm,980.0,4840.0,11900.0
game_088,fast,5,warm,980.0,4840.0,11900.0
game_088,fast,6,warm,980.0,4840.0,11900.0
game_088,fast,7,warm,980.0,4840.0,11900.0
game_088,fast,8,warm,980.0,4840.0,11900.0
game_088,fast,9,warm,980.0,4840.0,11900.0
game_089,fast,0,cold,1540.0,3400.0,5740.0
game_089,fast,1,warm,1540.0,3400.0,5740.0
game_089,fast,2,warm,1540.0,3400.0,5740.0
game_089,fast,3,warm,1540.0,3400.0,5740.0
game_089,fast,4,warm,1540.0,3400.0,5740.0
game_089,fast,5,warm,1540.0,3400.0,5740.0
game_089,fast,6,warm,1540.0,3400.0,5740.0
game_089,fast,7,warm,1540.0,3400.0,5740.0
game_089,fast,8,warm,1540.0,3400.0,5740.0
game_089,fast,9,warm,1540.0,3400.0,5740.0
game_090,fast,0,cold,660.0,3400.0,6780.0
game_090,fast,1,warm,660.0,3400.0,6780.0
game_090,fast,2,warm,660.0,3400.0,6780.0
game_090,fast,3,warm,660.0,3400.0,6780.0
game_090,fast,4,warm,660.0,3400.0,6780.0
game_090,fast,5,warm,660.0,3400.0,6780.0
game_090,fast,6,warm,660.0,3400.0,6780.0
game_090,fast,7,warm,660.0,3400.0,6780.0
game_090,fast,8,warm,660.0,3400.0,6780.0
game_090,fast,9,warm,660.0,3400.0,6780.0
game_091,fast,0,cold,1220.0,4840.0,9260.0
game_091,fast,1,warm,1220.0,4840.0,9260.0
game_091,fast,2,warm,1220.0,4840.0,9260.0
game_091,fast,3,warm,1220.0,4840.0,9260.0
game_091,fast,4,warm,1220.0,4840.0,9260.0
game_091,fast,5,warm,1220.0,4840.0,9260.0
game_091,fast,6,warm,1220.0,4840.0,9260.0
game_091,fast,7,warm,1220.0,4840.0,9260.0
game_091,fast,8,warm,1220.0,4840.0,9260.0
game_091,fast,9,warm,1220.0,4840.0,9260.0
game_092,fast,0,cold,1780.0,3400.0,8860.0
game_092,fast,1,warm,1780.0,3400.0,8860.0
game_092,fast,2,warm,1780.0,3400.0,8860.0
game_092,fast,3,warm,1780.0,3400.0,8860.0
game_092,fast,4,warm,1780.0,3400.0,8860.0
game_092,fast,5,warm,1780.0,3400.0,8860.0
game_092,fast,6,warm,1780.0,3400.0,8860.0
game_092,fast,7,warm,1780.0,3400.0,8860.0
game_092,fast,8,warm,1780.0,3400.0,8860.0
game_092,fast,9,warm,1780.0,3400.0,8860.0
game_093,fast,0,cold,900.0,3400.0,9900.0
game_093,fast,1,warm,900.0,3400.0,9900.0
game_093,fast,2,warm,900.0,3400.0,9900.0
game_093,fast,3,warm,900.0,3400.0,9900.0
game_093,fast,4,warm,900.0,3400.0,9900.0
game_093,fast,5,warm,900.0,3400.0,9900.0
game_093,fast,6,warm,900.0,3400.0,9900.0
game_093,fast,7,warm,900.0,3400.0,9900.0
game_093,fast,8,warm,900.0,3400.0,9900.0
game_093,fast,9,warm,900.0,3400.0,9900.0
game_094,fast,0,cold,1460.0,4840.0,12380.0
game_094,fast,1,warm,1460.0,4840.0,12380.0
game_094,fast,2,warm,1460.0,4840.0,12380.0
game_094,fast,3,warm,1460.0,4840.0,12380.0
game_094,fast,4,warm,1460.0,4840.0,12380.0
game_094,fast,5,warm,1460.0,4840.0,12380.0
game_094,fast,6,warm,1460.0,4840.0,12380.0
game_094,fast,7,warm,1460.0,4840.0,12380.0
game_094,fast,8,warm,1460.0,4840.0,12380.0
game_094,fast,9,warm,1460.0,4840.0,12380.0
game_095,fast,0,cold,2020.0,3400.0,6220.0
game_095,fast,1,warm,2020.0,3400.0,6220.0
game_095,fast,2,warm,2020.0,3400.0,6220.0
game_095,fast,3,warm,2020.0,3400.0,6220.0
game_095,fast,4,warm,2020.0,3400.0,6220.0
game_095,fast,5,warm,2020.0,3400.0,6220.0
game_095,fast,6,warm,2020.0,3400.0,6220.0
game_095,fast,7,warm,2020.0,3400.0,6220.0
game_095,fast,8,warm,2020.0,3400.0,6220.0
game_095,fast,9,warm,2020.0,3400.0,6220.0
game_096,fast,0,cold,1140.0,3400.0,7260.0
game_096,fast,1,warm,1140.0,3400.0,7260.0
game_096,fast,2,warm,1140.0,3400.0,7260.0
game_096,fast,3,warm,1140.0,3400.0,7260.0
game_096,fast,4,warm,1140.0,3400.0,7260.0
game_096,fast,5,warm,1140.0,3400.0,7260.0
game_096,fast,6,warm,1140.0,3400.0,7260.0
game_096,fast,7,warm,1140.0,3400.0,7260.0
game_096,fast,8,warm,1140.0,3400.0,7260.0
game_096,fast,9,warm,1140.0,3400.0,7260.0
game_097,fast,0,cold,1700.0,4840.0,9740.0
game_097,fast,1,warm,1700.0,4840.0,9740.0
game_097,fast,2,warm,1700.0,4840.0,9740.0
game_097,fast,3,warm,1700.0,4840.0,9740.0
game_097,fast,4,warm,1700.0,4840.0,9740.0
game_097,fast,5,warm,1700.0,4840.0,9740.0
game_097,fast,6,warm,1700.0,4840.0,9740.0
game_097,fast,7,warm,1700.0,4840.0,9740.0
game_097,fast,8,warm,1700.0,4840.0,9740.0
game_097,fast,9,warm,1700.0,4840.0,9740.0
game_098,fast,0,cold,820.0,4840.0,10780.0
game_098,fast,1,warm,820.0,4840.0,10780.0
game_098,fast,2,warm,820.0,4840.0,10780.0
game_098,fast,3,warm,820.0,4840.0,10780.0
game_098,fast,4,warm,820.0,4840.0,10780.0
game_098,fast,5,warm,820.0,4840.0,10780.0
game_098,fast,6,warm,820.0,4840.0,10780.0
game_098,fast,7,warm,820.0,4840.0,10780.0
game_098,fast,8,warm,820.0,4840.0,10780.0
game_098,fast,9,warm,820.0,4840.0,10780.0
game_099,fast,0,cold,1380.0,3400.0,10380.0
game_099,fast,1,warm,1380.0,3400.0,10380.0
game_099,fast,2,warm,1380.0,3400.0,10380.0
game_099,fast,3,warm,1380.0,3400.0,10380.0
game_099,fast,4,warm,1380.0,3400.0,10380.0
game_099,fast,5,warm,1380.0,3400.0,10380.0
game_099,fast,6,warm,1380.0,3400.0,10380.0
game_099,fast,7,warm,1380.0,3400.0,10380.0
game_099,fast,8,warm,1380.0,3400.0,10380.0
game_099,fast,9,warm,1380.0,3400.0,10380.0
game_100,fast,0,cold,1940.0,4840.0,7100.0
game_100,fast,1,warm,1940.0,4840.0,7100.0
game_100,fast,2,warm,1940.0,4840.0,7100.0
game_100,fast,3,warm,1940.0,4840.0,7100.0
game_100,fast,4,warm,1940.0,4840.0,7100.0
game_100,fast,5,warm,1940.0,4840.0,7100.0
game_100,fast,6,warm,1940.0,4840.0,7100.0
game_100,fast,7,warm,1940.0,4840.0,7100.0
game_100,fast,8,warm,1940.0,4840.0,7100.0
game_100,fast,9,warm,1940.0,4840.0,7100.0
game_001,medium,0,cold,6080.0,16960.0,31840.0
game_001,medium,1,warm,6080.0,16960.0,31840.0
game_001,medium,2,warm,6080.0,16960.0,31840.0
game_001,medium,3,warm,6080.0,16960.0,31840.0
game_001,medium,4,warm,6080.0,16960.0,31840.0
game_001,medium,5,warm,6080.0,16960.0,31840.0
game_001,medium,6,warm,6080.0,16960.0,31840.0
game_001,medium,7,warm,6080.0,16960.0,31840.0
game_001,medium,8,warm,6080.0,16960.0,31840.0
game_001,medium,9,warm,6080.0,16960.0,31840.0
game_002,medium,0,cold,8880.0,24160.0,44240.0
game_002,medium,1,warm,8880.0,24160.0,44240.0
game_002,medium,2,warm,8880.0,24160.0,44240.0
game_002,medium,3,warm,8880.0,24160.0,44240.0
game_002,medium,4,warm,8880.0,24160.0,44240.0
game_002,medium,5,warm,8880.0,24160.0,44240.0
game_002,medium,6,warm,8880.0,24160.0,44240.0
game_002,medium,7,warm,8880.0,24160.0,44240.0
game_002,medium,8,warm,8880.0,24160.0,44240.0
game_002,medium,9,warm,8880.0,24160.0,44240.0
game_003,medium,0,cold,4480.0,24160.0,49440.0
game_003,medium,1,warm,4480.0,24160.0,49440.0
game_003,medium,2,warm,4480.0,24160.0,49440.0
game_003,medium,3,warm,4480.0,24160.0,49440.0
game_003,medium,4,warm,4480.0,24160.0,49440.0
game_003,medium,5,warm,4480.0,24160.0,49440.0
game_003,medium,6,warm,4480.0,24160.0,49440.0
game_003,medium,7,warm,4480.0,24160.0,49440.0
game_003,medium,8,warm,4480.0,24160.0,49440.0
game_003,medium,9,warm,4480.0,24160.0,49440.0
game_004,medium,0,cold,7280.0,16960.0,47440.0
game_004,medium,1,warm,7280.0,16960.0,47440.0
game_004,medium,2,warm,7280.0,16960.0,47440.0
game_004,medium,3,warm,7280.0,16960.0,47440.0
game_004,medium,4,warm,7280.0,16960.0,47440.0
game_004,medium,5,warm,7280.0,16960.0,47440.0
game_004,medium,6,warm,7280.0,16960.0,47440.0
game_004,medium,7,warm,7280.0,16960.0,47440.0
game_004,medium,8,warm,7280.0,16960.0,47440.0
game_004,medium,9,warm,7280.0,16960.0,47440.0
game_005,medium,0,cold,10080.0,24160.0,59840.0
game_005,medium,1,warm,10080.0,24160.0,59840.0
game_005,medium,2,warm,10080.0,24160.0,59840.0
game_005,medium,3,warm,10080.0,24160.0,59840.0
game_005,medium,4,warm,10080.0,24160.0,59840.0
game_005,medium,5,warm,10080.0,24160.0,59840.0
game_005,medium,6,warm,10080.0,24160.0,59840.0
game_005,medium,7,warm,10080.0,24160.0,59840.0
game_005,medium,8,warm,10080.0,24160.0,59840.0
game_005,medium,9,warm,10080.0,24160.0,59840.0
game_006,medium,0,cold,5680.0,24160.0,36240.0
game_006,medium,1,warm,5680.0,24160.0,36240.0
game_006,medium,2,warm,5680.0,24160.0,36240.0
game_006,medium,3,warm,5680.0,24160.0,36240.0
game_006,medium,4,warm,5680.0,24160.0,36240.0
game_006,medium,5,warm,5680.0,24160.0,36240.0
game_006,medium,6,warm,5680.0,24160.0,36240.0
game_006,medium,7,warm,5680.0,24160.0,36240.0
game_006,medium,8,warm,5680.0,24160.0,36240.0
game_006,medium,9,warm,5680.0,24160.0,36240.0
game_007,medium,0,cold,8480.0,16960.0,34240.0
game_007,medium,1,warm,8480.0,16960.0,34240.0
game_007,medium,2,warm,8480.0,16960.0,34240.0
game_007,medium,3,warm,8480.0,16960.0,34240.0
game_007,medium,4,warm,8480.0,16960.0,34240.0
game_007,medium,5,warm,8480.0,16960.0,34240.0
game_007,medium,6,warm,8480.0,16960.0,34240.0
game_007,medium,7,warm,8480.0,16960.0,34240.0
game_007,medium,8,warm,8480.0,16960.0,34240.0
game_007,medium,9,warm,8480.0,16960.0,34240.0
game_008,medium,0,cold,4080.0,16960.0,39440.0
game_008,medium,1,warm,4080.0,16960.0,39440.0
game_008,medium,2,warm,4080.0,16960.0,39440.0
game_008,medium,3,warm,4080.0,16960.0,39440.0
game_008,medium,4,warm,4080.0,16960.0,39440.0
game_008,medium,5,warm,4080.0,16960.0,39440.0
game_008,medium,6,warm,4080.0,16960.0,39440.0
game_008,medium,7,warm,4080.0,16960.0,39440.0
game_008,medium,8,warm,4080.0,16960.0,39440.0
game_008,medium,9,warm,4080.0,16960.0,39440.0
game_009,medium,0,cold,6880.0,24160.0,51840.0
game_009,medium,1,warm,6880.0,24160.0,51840.0
game_009,medium,2,warm,6880.0,24160.0,51840.0
game_009,medium,3,warm,6880.0,24160.0,51840.0
game_009,medium,4,warm,6880.0,24160.0,51840.0
game_009,medium,5,warm,6880.0,24160.0,51840.0
game_009,medium,6,warm,6880.0,24160.0,51840.0
game_009,medium,7,warm,6880.0,24160.0,51840.0
game_009,medium,8,warm,6880.0,24160.0,51840.0
game_009,medium,9,warm,6880.0,24160.0,51840.0
game_010,medium,0,cold,9680.0,16960.0,49840.0
game_010,medium,1,warm,9680.0,16960.0,49840.0
game_010,medium,2,warm,9680.0,16960.0,49840.0
game_010,medium,3,warm,9680.0,16960.0,49840.0
game_010,medium,4,warm,9680.0,16960.0,49840.0
game_010,medium,5,warm,9680.0,16960.0,49840.0
game_010,medium,6,warm,9680.0,16960.0,49840.0
game_010,medium,7,warm,9680.0,16960.0,49840.0
game_010,medium,8,warm,9680.0,16960.0,49840.0
game_010,medium,9,warm,9680.0,16960.0,49840.0
game_011,medium,0,cold,5280.0,16960.0,55040.0
game_011,medium,1,warm,5280.0,16960.0,55040.0
game_011,medium,2,warm,5280.0,16960.0,55040.0
game_011,medium,3,warm,5280.0,16960.0,55040.0
game_011,medium,4,warm,5280.0,16960.0,55040.0
game_011,medium,5,warm,5280.0,16960.0,55040.0
game_011,medium,6,warm,5280.0,16960.0,55040.0
game_011,medium,7,warm,5280.0,16960.0,55040.0
game_011,medium,8,warm,5280.0,16960.0,55040.0
game_011,medium,9,warm,5280.0,16960.0,55040.0
game_012,medium,0,cold,8080.0,24160.0,38640.0
game_012,medium,1,warm,8080.0,24160.0,38640.0
game_012,medium,2,warm,8080.0,24160.0,38640.0
game_012,medium,3,warm,8080.0,24160.0,38640.0
game_012,medium,4,warm,8080.0,24160.0,38640.0
game_012,medium,5,warm,8080.0,24160.0,38640.0
game_012,medium,6,warm,8080.0,24160.0,38640.0
game_012,medium,7,warm,8080.0,24160.0,38640.0
game_012,medium,8,warm,8080.0,24160.0,38640.0
game_012,medium,9,warm,8080.0,24160.0,38640.0
game_013,medium,0,cold,3680.0,24160.0,43840.0
game_013,medium,1,warm,3680.0,24160.0,43840.0
game_013,medium,2,warm,3680.0,24160.0,43840.0
game_013,medium,3,warm,3680.0,24160.0,43840.0
game_013,medium,4,warm,3680.0,24160.0,43840.0
game_013,medium,5,warm,3680.0,24160.0,43840.0
game_013,medium,6,warm,3680.0,24160.0,43840.0
game_013,medium,7,warm,3680.0,24160.0,43840.0
game_013,medium,8,warm,3680.0,24160.0,43840.0
game_013,medium,9,warm,3680.0,24160.0,43840.0
game_014,medium,0,cold,6480.0,16960.0,41840.0
game_014,medium,1,warm,6480.0,16960.0,41840.0
game_014,medium,2,warm,6480.0,16960.0,41840.0
game_014,medium,3,warm,6480.0,16960.0,41840.0
game_014,medium,4,warm,6480.0,16960.0,41840.0
game_014,medium,5,warm,6480.0,16960.0,41840.0
game_014,medium,6,warm,6480.0,16960.0,41840.0
game_014,medium,7,warm,6480.0,16960.0,41840.0
game_014,medium,8,warm,6480.0,16960.0,41840.0
game_014,medium,9,warm,6480.0,16960.0,41840.0
game_015,medium,0,cold,9280.0,24160.0,54240.0
game_015,medium,1,warm,9280.0,24160.0,54240.0
game_015,medium,2,warm,9280.0,24160.0,54240.0
game_015,medium,3,warm,9280.0,24160.0,54240.0
game_015,medium,4,warm,9280.0,24160.0,54240.0
game_015,medium,5,warm,9280.0,24160.0,54240.0
game_015,medium,6,warm,9280.0,24160.0,54240.0
game_015,medium,7,warm,9280.0,24160.0,54240.0
game_015,medium,8,warm,9280.0,24160.0,54240.0
game_015,medium,9,warm,9280.0,24160.0,54240.0
game_016,medium,0,cold,4880.0,24160.0,59440.0
game_016,medium,1,warm,4880.0,24160.0,59440.0
game_016,medium,2,warm,4880.0,24160.0,59440.0
game_016,medium,3,warm,4880.0,24160.0,59440.0
game_016,medium,4,warm,4880.0,24160.0,59440.0
game_016,medium,5,warm,4880.0,24160.0,59440.0
game_016,medium,6,warm,4880.0,24160.0,59440.0
game_016,medium,7,warm,4880.0,24160.0,59440.0
game_016,medium,8,warm,4880.0,24160.0,59440.0
game_016,medium,9,warm,4880.0,24160.0,59440.0
game_017,medium,0,cold,7680.0,16960.0,28640.0
game_017,medium,1,warm,7680.0,16960.0,28640.0
game_017,medium,2,warm,7680.0,16960.0,28640.0
game_017,medium,3,warm,7680.0,16960.0,28640.0
game_017,medium,4,warm,7680.0,16960.0,28640.0
game_017,medium,5,warm,7680.0,16960.0,28640.0
game_017,medium,6,warm,7680.0,16960.0,28640.0
game_017,medium,7,warm,7680.0,16960.0,28640.0
game_017,medium,8,warm,7680.0,16960.0,28640.0
game_017,medium,9,warm,7680.0,16960.0,28640.0
game_018,medium,0,cold,3280.0,16960.0,33840.0
game_018,medium,1,warm,3280.0,16960.0,33840.0
game_018,medium,2,warm,3280.0,16960.0,33840.0
game_018,medium,3,warm,3280.0,16960.0,33840.0
game_018,medium,4,warm,3280.0,16960.0,33840.0
game_018,medium,5,warm,3280.0,16960.0,33840.0
game_018,medium,6,warm,3280.0,16960.0,33840.0
game_018,medium,7,warm,3280.0,16960.0,33840.0
game_018,medium,8,warm,3280.0,16960.0,33840.0
game_018,medium,9,warm,3280.0,16960.0,33840.0
game_019,medium,0,cold,6080.0,24160.0,46240.0
game_019,medium,1,warm,6080.0,24160.0,46240.0
game_019,medium,2,warm,6080.0,24160.0,46240.0
game_019,medium,3,warm,6080.0,24160.0,46240.0
game_019,medium,4,warm,6080.0,24160.0,46240.0
game_019,medium,5,warm,6080.0,24160.0,46240.0
game_019,medium,6,warm,6080.0,24160.0,46240.0
game_019,medium,7,warm,6080.0,24160.0,46240.0
game_019,medium,8,warm,6080.0,24160.0,46240.0
game_019,medium,9,warm,6080.0,24160.0,46240.0
game_020,medium,0,cold,8880.0,16960.0,44240.0
game_020,medium,1,warm,8880.0,16960.0,44240.0
game_020,medium,2,warm,8880.0,16960.0,44240.0
game_020,medium,3,warm,8880.0,16960.0,44240.0
game_020,medium,4,warm,8880.0,16960.0,44240.0
game_020,medium,5,warm,8880.0,16960.0,44240.0
game_020,medium,6,warm,8880.0,16960.0,44240.0
game_020,medium,7,warm,8880.0,16960.0,44240.0
game_020,medium,8,warm,8880.0,16960.0,44240.0
game_020,medium,9,warm,8880.0,16960.0,44240.0
game_021,medium,0,cold,4480.0,16960.0,49440.0
game_021,medium,1,warm,4480.0,16960.0,49440.0
game_021,medium,2,warm,4480.0,16960.0,49440.0
game_021,medium,3,warm,4480.0,16960.0,49440.0
game_021,medium,4,warm,4480.0,16960.0,49440.0
game_021,medium,5,warm,4480.0,16960.0,49440.0
game_021,medium,6,warm,4480.0,16960.0,49440.0
game_021,medium,7,warm,4480.0,16960.0,49440.0
game_021,medium,8,warm,4480.0,16960.0,49440.0
game_021,medium,9,warm,4480.0,16960.0,49440.0
game_022,medium,0,cold,7280.0,24160.0,61840.0
game_022,medium,1,warm,7280.0,24160.0,61840.0
game_022,medium,2,warm,7280.0,24160.0,61840.0
game_022,medium,3,warm,7280.0,24160.0,61840.0
game_022,medium,4,warm,7280.0,24160.0,61840.0
game_022,medium,5,warm,7280.0,24160.0,61840.0
game_022,medium,6,warm,7280.0,24160.0,61840.0
game_022,medium,7,warm,7280.0,24160.0,61840.0
game_022,medium,8,warm,7280.0,24160.0,61840.0
game_022,medium,9,warm,7280.0,24160.0,61840.0
game_023,medium,0,cold,10080.0,16960.0,31040.0
game_023,medium,1,warm,10080.0,16960.0,31040.0
game_023,medium,2,warm,10080.0,16960.0,31040.0
game_023,medium,3,warm,10080.0,16960.0,31040.0
game_023,medium,4,warm,10080.0,16960.0,31040.0
game_023,medium,5,warm,10080.0,16960.0,31040.0
game_023,medium,6,warm,10080.0,16960.0,31040.0
game_023,medium,7,warm,10080.0,16960.0,31040.0
game_023,medium,8,warm,10080.0,16960.0,31040.0
game_023,medium,9,warm,10080.0,16960.0,31040.0
game_024,medium,0,cold,5680.0,16960.0,36240.0
game_024,medium,1,warm,5680.0,16960.0,36240.0
game_024,medium,2,warm,5680.0,16960.0,36240.0
game_024,medium,3,warm,5680.0,16960.0,36240.0
game_024,medium,4,warm,5680.0,16960.0,36240.0
game_024,medium,5,warm,5680.0,16960.0,36240.0
game_024,medium,6,warm,5680.0,16960.0,36240.0
game_024,medium,7,warm,5680.0,16960.0,36240.0
game_024,medium,8,warm,5680.0,16960.0,36240.0
game_024,medium,9,warm,5680.0,16960.0,36240.0
game_025,medium,0,cold,8480.0,24160.0,48640.0
game_025,medium,1,warm,8480.0,24160.0,48640.0
game_025,medium,2,warm,8480.0,24160.0,48640.0
game_025,medium,3,warm,8480.0,24160.0,48640.0
game_025,medium,4,warm,8480.0,24160.0,48640.0
game_025,medium,5,warm,8480.0,24160.0,48640.0
game_025,medium,6,warm,8480.0,24160.0,48640.0
game_025,medium,7,warm,8480.0,24160.0,48640.0
game_025,medium,8,warm,8480.0,24160.0,48640.0
game_025,medium,9,warm,8480.0,24160.0,48640.0
game_026,medium,0,cold,4080.0,24160.0,53840.0
game_026,medium,1,warm,4080.0,24160.0,53840.0
game_026,medium,2,warm,4080.0,24160.0,53840.0
game_026,medium,3,warm,4080.0,24160.0,53840.0
game_026,medium,4,warm,4080.0,24160.0,53840.0
game_026,medium,5,warm,4080.0,24160.0,53840.0
game_026,medium,6,warm,4080.0,24160.0,53840.0
game_026,medium,7,warm,4080.0,24160.0,53840.0
game_026,medium,8,warm,4080.0,24160.0,53840.0
game_026,medium,9,warm,4080.0,24160.0,53840.0
game_027,medium,0,cold,6880.0,16960.0,51840.0
game_027,medium,1,warm,6880.0,16960.0,51840.0
game_027,medium,2,warm,6880.0,16960.0,51840.0
game_027,medium,3,warm,6880.0,16960.0,51840.0
game_027,medium,4,warm,6880.0,16960.0,51840.0
game_027,medium,5,warm,6880.0,16960.0,51840.0
game_027,medium,6,warm,6880.0,16960.0,51840.0
game_027,medium,7,warm,6880.0,16960.0,51840.0
game_027,medium,8,warm,6880.0,16960.0,51840.0
game_027,medium,9,warm,6880.0,16960.0,51840.0
game_028,medium,0,cold,9680.0,24160.0,35440.0
game_028,medium,1,warm,9680.0,24160.0,35440.0
game_028,medium,2,warm,9680.0,24160.0,35440.0
game_028,medium,3,warm,9680.0,24160.0,35440.0
game_028,medium,4,warm,9680.0,24160.0,35440.0
game_028,medium,5,warm,9680.0,24160.0,35440.0
game_028,medium,6,warm,9680.0,24160.0,35440.0
game_028,medium,7,warm,9680.0,24160.0,35440.0
game_028,medium,8,warm,9680.0,24160.0,35440.0
game_028,medium,9,warm,9680.0,24160.0,35440.0
game_029,medium,0,cold,5280.0,24160.0,40640.0
game_029,medium,1,warm,5280.0,24160.0,40640.0
game_029,medium,2,warm,5280.0,24160.0,40640.0
game_029,medium,3,warm,5280.0,24160.0,40640.0
game_029,medium,4,warm,5280.0,24160.0,40640.0
game_029,medium,5,warm,5280.0,24160.0,40640.0
game_029,medium,6,warm,5280.0,24160.0,40640.0
game_029,medium,7,warm,5280.0,24160.0,40640.0
game_029,medium,8,warm,5280.0,24160.0,40640.0
game_029,medium,9,warm,5280.0,24160.0,40640.0
game_030,medium,0,cold,8080.0,16960.0,38640.0
game_030,medium,1,warm,8080.0,16960.0,38640.0
game_030,medium,2,warm,8080.0,16960.0,38640.0
game_030,medium,3,warm,8080.0,16960.0,38640.0
game_030,medium,4,warm,8080.0,16960.0,38640.0
game_030,medium,5,warm,8080.0,16960.0,38640.0
game_030,medium,6,warm,8080.0,16960.0,38640.0
game_030,medium,7,warm,8080.0,16960.0,38640.0
game_030,medium,8,warm,8080.0,16960.0,38640.0
game_030,medium,9,warm,8080.0,16960.0,38640.0
game_031,medium,0,cold,3680.0,16960.0,43840.0
game_031,medium,1,warm,3680.0,16960.0,43840.0
game_031,medium,2,warm,3680.0,16960.0,43840.0
game_031,medium,3,warm,3680.0,16960.0,43840.0
game_031,medium,4,warm,3680.0,16960.0,43840.0
game_031,medium,5,warm,3680.0,16960.0,43840.0
game_031,medium,6,warm,3680.0,16960.0,43840.0
game_031,medium,7,warm,3680.0,16960.0,43840.0
game_031,medium,8,warm,3680.0,16960.0,43840.0
game_031,medium,9,warm,3680.0,16960.0,43840.0
game_032,medium,0,cold,6480.0,24160.0,56240.0
game_032,medium,1,warm,6480.0,24160.0,56240.0
game_032,medium,2,warm,6480.0,24160.0,56240.0
game_032,medium,3,warm,6480.0,24160.0,56240.0
game_032,medium,4,warm,6480.0,24160.0,56240.0
game_032,medium,5,warm,6480.0,24160.0,56240.0
game_032,medium,6,warm,6480.0,24160.0,56240.0
game_032,medium,7,warm,6480.0,24160.0,56240.0
game_032,medium,8,warm,6480.0,24160.0,56240.0
game_032,medium,9,warm,6480.0,24160.0,56240.0
game_033,medium,0,cold,9280.0,16960.0,54240.0
game_033,medium,1,warm,9280.0,16960.0,54240.0
game_033,medium,2,warm,9280.0,16960.0,54240.0
game_033,medium,3,warm,9280.0,16960.0,54240.0
game_033,medium,4,warm,9280.0,16960.0,54240.0
game_033,medium,5,warm,9280.0,16960.0,54240.0
game_033,medium,6,warm,9280.0,16960.0,54240.0
game_033,medium,7,warm,9280.0,16960.0,54240.0
game_033,medium,8,warm,9280.0,16960.0,54240.0
game_033,medium,9,warm,9280.0,16960.0,54240.0
game_034,medium,0,cold,4880.0,16960.0,30640.0
game_034,medium,1,warm,4880.0,16960.0,30640.0
game_034,medium,2,warm,4880.0,16960.0,30640.0
game_034,medium,3,warm,4880.0,16960.0,30640.0
game_034,medium,4,warm,4880.0,16960.0,30640.0
game_034,medium,5,warm,4880.0,16960.0,30640.0
game_034,medium,6,warm,4880.0,16960.0,30640.0
game_034,medium,7,warm,4880.0,16960.0,30640.0
game_034,medium,8,warm,4880.0,16960.0,30640.0
game_034,medium,9,warm,4880.0,16960.0,30640.0
game_035,medium,0,cold,7680.0,24160.0,43040.0
game_035,medium,1,warm,7680.0,24160.0,43040.0
game_035,medium,2,warm,7680.0,24160.0,43040.0
game_035,medium,3,warm,7680.0,24160.0,43040.0
game_035,medium,4,warm,7680.0,24160.0,43040.0
game_035,medium,5,warm,7680.0,24160.0,43040.0
game_035,medium,6,warm,7680.0,24160.0,43040.0
game_035,medium,7,warm,7680.0,24160.0,43040.0
game_035,medium,8,warm,7680.0,24160.0,43040.0
game_035,medium,9,warm,7680.0,24160.0,43040.0
game_036,medium,0,cold,3280.0,9760.0,33840.0
game_036,medium,1,warm,3280.0,9760.0,33840.0
game_036,medium,2,warm,3280.0,9760.0,33840.0
game_036,medium,3,warm,3280.0,9760.0,33840.0
game_036,medium,4,warm,3280.0,9760.0,33840.0
game_036,medium,5,warm,3280.0,9760.0,33840.0
game_036,medium,6,warm,3280.0,9760.0,33840.0
game_036,medium,7,warm,3280.0,9760.0,33840.0
game_036,medium,8,warm,3280.0,9760.0,33840.0
game_036,medium,9,warm,3280.0,9760.0,33840.0
game_037,medium,0,cold,6080.0,16960.0,46240.0
game_037,medium,1,warm,6080.0,16960.0,46240.0
game_037,medium,2,warm,6080.0,16960.0,46240.0
game_037,medium,3,warm,6080.0,16960.0,46240.0
game_037,medium,4,warm,6080.0,16960.0,46240.0
game_037,medium,5,warm,6080.0,16960.0,46240.0
game_037,medium,6,warm,6080.0,16960.0,46240.0
game_037,medium,7,warm,6080.0,16960.0,46240.0
game_037,medium,8,warm,6080.0,16960.0,46240.0
game_037,medium,9,warm,6080.0,16960.0,46240.0
game_038,medium,0,cold,8880.0,24160.0,58640.0
game_038,medium,1,warm,8880.0,24160.0,58640.0
game_038,medium,2,warm,8880.0,24160.0,58640.0
game_038,medium,3,warm,8880.0,24160.0,58640.0
game_038,medium,4,warm,8880.0,24160.0,58640.0
game_038,medium,5,warm,8880.0,24160.0,58640.0
game_038,medium,6,warm,8880.0,24160.0,58640.0
game_038,medium,7,warm,8880.0,24160.0,58640.0
game_038,medium,8,warm,8880.0,24160.0,58640.0
game_038,medium,9,warm,8880.0,24160.0,58640.0
game_039,medium,0,cold,4480.0,24160.0,35040.0
game_039,medium,1,warm,4480.0,24160.0,35040.0
game_039,medium,2,warm,4480.0,24160.0,35040.0
game_039,medium,3,warm,4480.0,24160.0,35040.0
game_039,medium,4,warm,4480.0,24160.0,35040.0
game_039,medium,5,warm,4480.0,24160.0,35040.0
game_039,medium,6,warm,4480.0,24160.0,35040.0
game_039,medium,7,warm,4480.0,24160.0,35040.0
game_039,medium,8,warm,4480.0,24160.0,35040.0
game_039,medium,9,warm,4480.0,24160.0,35040.0
game_040,medium,0,cold,7280.0,16960.0,33040.0
game_040,medium,1,warm,7280.0,16960.0,33040.0
game_040,medium,2,warm,7280.0,16960.0,33040.0
game_040,medium,3,warm,7280.0,16960.0,33040.0
game_040,medium,4,warm,7280.0,16960.0,33040.0
game_040,medium,5,warm,7280.0,16960.0,33040.0
game_040,medium,6,warm,7280.0,16960.0,33040.0
game_040,medium,7,warm,7280.0,16960.0,33040.0
game_040,medium,8,warm,7280.0,16960.0,33040.0
game_040,medium,9,warm,7280.0,16960.0,33040.0
game_041,medium,0,cold,10080.0,24160.0,45440.0
game_041,medium,1,warm,10080.0,24160.0,45440.0
game_041,medium,2,warm,10080.0,24160.0,45440.0
game_041,medium,3,warm,10080.0,24160.0,45440.0
game_041,medium,4,warm,10080.0,24160.0,45440.0
game_041,medium,5,warm,10080.0,24160.0,45440.0
game_041,medium,6,warm,10080.0,24160.0,45440.0
game_041,medium,7,warm,10080.0,24160.0,45440.0
game_041,medium,8,warm,10080.0,24160.0,45440.0
game_041,medium,9,warm,10080.0,24160.0,45440.0
game_042,medium,0,cold,5680.0,24160.0,50640.0
game_042,medium,1,warm,5680.0,24160.0,50640.0
game_042,medium,2,warm,5680.0,24160.0,50640.0
game_042,medium,3,warm,5680.0,24160.0,50640.0
game_042,medium,4,warm,5680.0,24160.0,50640.0
game_042,medium,5,warm,5680.0,24160.0,50640.0
game_042,medium,6,warm,5680.0,24160.0,50640.0
game_042,medium,7,warm,5680.0,24160.0,50640.0
game_042,medium,8,warm,5680.0,24160.0,50640.0
game_042,medium,9,warm,5680.0,24160.0,50640.0
game_043,medium,0,cold,8480.0,16960.0,48640.0
game_043,medium,1,warm,8480.0,16960.0,48640.0
game_043,medium,2,warm,8480.0,16960.0,48640.0
game_043,medium,3,warm,8480.0,16960.0,48640.0
game_043,medium,4,warm,8480.0,16960.0,48640.0
game_043,medium,5,warm,8480.0,16960.0,48640.0
game_043,medium,6,warm,8480.0,16960.0,48640.0
game_043,medium,7,warm,8480.0,16960.0,48640.0
game_043,medium,8,warm,8480.0,16960.0,48640.0
game_043,medium,9,warm,8480.0,16960.0,48640.0
game_044,medium,0,cold,4080.0,16960.0,53840.0
game_044,medium,1,warm,4080.0,16960.0,53840.0
game_044,medium,2,warm,4080.0,16960.0,53840.0
game_044,medium,3,warm,4080.0,16960.0,53840.0
game_044,medium,4,warm,4080.0,16960.0,53840.0
game_044,medium,5,warm,4080.0,16960.0,53840.0
game_044,medium,6,warm,4080.0,16960.0,53840.0
game_044,medium,7,warm,4080.0,16960.0,53840.0
game_044,medium,8,warm,4080.0,16960.0,53840.0
game_044,medium,9,warm,4080.0,16960.0,53840.0
game_045,medium,0,cold,6880.0,24160.0,37440.0
game_045,medium,1,warm,6880.0,24160.0,37440.0
game_045,medium,2,warm,6880.0,24160.0,37440.0
game_045,medium,3,warm,6880.0,24160.0,37440.0
game_045,medium,4,warm,6880.0,24160.0,37440.0
game_045,medium,5,warm,6880.0,24160.0,37440.0
game_045,medium,6,warm,6880.0,24160.0,37440.0
game_045,medium,7,warm,6880.0,24160.0,37440.0
game_045,medium,8,warm,6880.0,24160.0,37440.0
game_045,medium,9,warm,6880.0,24160.0,37440.0
game_046,medium,0,cold,9680.0,16960.0,35440.0
game_046,medium,1,warm,9680.0,16960.0,35440.0
game_046,medium,2,warm,9680.0,16960.0,35440.0
game_046,medium,3,warm,9680.0,16960.0,35440.0
game_046,medium,4,warm,9680.0,16960.0,35440.0
game_046,medium,5,warm,9680.0,16960.0,35440.0
game_046,medium,6,warm,9680.0,16960.0,35440.0
game_046,medium,7,warm,9680.0,16960.0,35440.0
game_046,medium,8,warm,9680.0,16960.0,35440.0
game_046,medium,9,warm,9680.0,16960.0,35440.0
game_047,medium,0,cold,5280.0,16960.0,40640.0
game_047,medium,1,warm,5280.0,16960.0,40640.0
game_047,medium,2,warm,5280.0,16960.0,40640.0
game_047,medium,3,warm,5280.0,16960.0,40640.0
game_047,medium,4,warm,5280.0,16960.0,40640.0
game_047,medium,5,warm,5280.0,16960.0,40640.0
game_047,medium,6,warm,5280.0,16960.0,40640.0
game_047,medium,7,warm,5280.0,16960.0,40640.0
game_047,medium,8,warm,5280.0,16960.0,40640.0
game_047,medium,9,warm,5280.0,16960.0,40640.0
game_048,medium,0,cold,8080.0,24160.0,53040.0
game_048,medium,1,warm,8080.0,24160.0,53040.0
game_048,medium,2,warm,8080.0,24160.0,53040.0
game_048,medium,3,warm,8080.0,24160.0,53040.0
game_048,medium,4,warm,8080.0,24160.0,53040.0
game_048,medium,5,warm,8080.0,24160.0,53040.0
game_048,medium,6,warm,8080.0,24160.0,53040.0
game_048,medium,7,warm,8080.0,24160.0,53040.0
game_048,medium,8,warm,8080.0,24160.0,53040.0
game_048,medium,9,warm,8080.0,24160.0,53040.0
game_049,medium,0,cold,3680.0,24160.0,58240.0
game_049,medium,1,warm,3680.0,24160.0,58240.0
game_049,medium,2,warm,3680.0,24160.0,58240.0
game_049,medium,3,warm,3680.0,24160.0,58240.0
game_049,medium,4,warm,3680.0,24160.0,58240.0
game_049,medium,5,warm,3680.0,24160.0,58240.0
game_049,medium,6,warm,3680.0,24160.0,58240.0
game_049,medium,7,warm,3680.0,24160.0,58240.0
game_049,medium,8,warm,3680.0,24160.0,58240.0
game_049,medium,9,warm,3680.0,24160.0,58240.0
game_050,medium,0,cold,6480.0,16960.0,27440.0
game_050,medium,1,warm,6480.0,16960.0,27440.0
game_050,medium,2,warm,6480.0,16960.0,27440.0
game_050,medium,3,warm,6480.0,16960.0,27440.0
game_050,medium,4,warm,6480.0,16960.0,27440.0
game_050,medium,5,warm,6480.0,16960.0,27440.0
game_050,medium,6,warm,6480.0,16960.0,27440.0
game_050,medium,7,warm,6480.0,16960.0,27440.0
game_050,medium,8,warm,6480.0,16960.0,27440.0
game_050,medium,9,warm,6480.0,16960.0,27440.0
game_051,medium,0,cold,9280.0,24160.0,39840.0
game_051,medium,1,warm,9280.0,24160.0,39840.0
game_051,medium,2,warm,9280.0,24160.0,39840.0
game_051,medium,3,warm,9280.0,24160.0,39840.0
game_051,medium,4,warm,9280.0,24160.0,39840.0
game_051,medium,5,warm,9280.0,24160.0,39840.0
game_051,medium,6,warm,9280.0,24160.0,39840.0
game_051,medium,7,warm,9280.0,24160.0,39840.0
game_051,medium,8,warm,9280.0,24160.0,39840.0
game_051,medium,9,warm,9280.0,24160.0,39840.0
game_052,medium,0,cold,4880.0,24160.0,45040.0
game_052,medium,1,warm,4880.0,24160.0,45040.0
game_052,medium,2,warm,4880.0,24160.0,45040.0
game_052,medium,3,warm,4880.0,24160.0,45040.0
game_052,medium,4,warm,4880.0,24160.0,45040.0
game_052,medium,5,warm,4880.0,24160.0,45040.0
game_052,medium,6,warm,4880.0,24160.0,45040.0
game_052,medium,7,warm,4880.0,24160.0,45040.0
game_052,medium,8,warm,4880.0,24160.0,45040.0
game_052,medium,9,warm,4880.0,24160.0,45040.0
game_053,medium,0,cold,7680.0,16960.0,43040.0
game_053,medium,1,warm,7680.0,16960.0,43040.0
game_053,medium,2,warm,7680.0,16960.0,43040.0
game_053,medium,3,warm,7680.0,16960.0,43040.0
game_053,medium,4,warm,7680.0,16960.0,43040.0
game_053,medium,5,warm,7680.0,16960.0,43040.0
game_053,medium,6,warm,7680.0,16960.0,43040.0
game_053,medium,7,warm,7680.0,16960.0,43040.0
game_053,medium,8,warm,7680.0,16960.0,43040.0
game_053,medium,9,warm,7680.0,16960.0,43040.0
game_054,medium,0,cold,3280.0,16960.0,48240.0
game_054,medium,1,warm,3280.0,16960.0,48240.0
game_054,medium,2,warm,3280.0,16960.0,48240.0
game_054,medium,3,warm,3280.0,16960.0,48240.0
game_054,medium,4,warm,3280.0,16960.0,48240.0
game_054,medium,5,warm,3280.0,16960.0,48240.0
game_054,medium,6,warm,3280.0,16960.0,48240.0
game_054,medium,7,warm,3280.0,16960.0,48240.0
game_054,medium,8,warm,3280.0,16960.0,48240.0
game_054,medium,9,warm,3280.0,16960.0,48240.0
game_055,medium,0,cold,6080.0,24160.0,60640.0
game_055,medium,1,warm,6080.0,24160.0,60640.0
game_055,medium,2,warm,6080.0,24160.0,60640.0
game_055,medium,3,warm,6080.0,24160.0,60640.0
game_055,medium,4,warm,6080.0,24160.0,60640.0
game_055,medium,5,warm,6080.0,24160.0,60640.0
game_055,medium,6,warm,6080.0,24160.0,60640.0
game_055,medium,7,warm,6080.0,24160.0,60640.0
game_055,medium,8,warm,6080.0,24160.0,60640.0
game_055,medium,9,warm,6080.0,24160.0,60640.0
game_056,medium,0,cold,8880.0,16960.0,29840.0
game_056,medium,1,warm,8880.0,16960.0,29840.0
game_056,medium,2,warm,8880.0,16960.0,29840.0
game_056,medium,3,warm,8880.0,16960.0,29840.0
game_056,medium,4,warm,8880.0,16960.0,29840.0
game_056,medium,5,warm,8880.0,16960.0,29840.0
game_056,medium,6,warm,8880.0,16960.0,29840.0
game_056,medium,7,warm,8880.0,16960.0,29840.0
game_056,medium,8,warm,8880.0,16960.0,29840.0
game_056,medium,9,warm,8880.0,16960.0,29840.0
game_057,medium,0,cold,4480.0,16960.0,35040.0
game_057,medium,1,warm,4480.0,16960.0,35040.0
game_057,medium,2,warm,4480.0,16960.0,35040.0
game_057,medium,3,warm,4480.0,16960.0,35040.0
game_057,medium,4,warm,4480.0,16960.0,35040.0
game_057,medium,5,warm,4480.0,16960.0,35040.0
game_057,medium,6,warm,4480.0,16960.0,35040.0
game_057,medium,7,warm,4480.0,16960.0,35040.0
game_057,medium,8,warm,4480.0,16960.0,35040.0
game_057,medium,9,warm,4480.0,16960.0,35040.0
game_058,medium,0,cold,7280.0,24160.0,47440.0
game_058,medium,1,warm,7280.0,24160.0,47440.0
game_058,medium,2,warm,7280.0,24160.0,47440.0
game_058,medium,3,warm,7280.0,24160.0,47440.0
game_058,medium,4,warm,7280.0,24160.0,47440.0
game_058,medium,5,warm,7280.0,24160.0,47440.0
game_058,medium,6,warm,7280.0,24160.0,47440.0
game_058,medium,7,warm,7280.0,24160.0,47440.0
game_058,medium,8,warm,7280.0,24160.0,47440.0
game_058,medium,9,warm,7280.0,24160.0,47440.0
game_059,medium,0,cold,10080.0,16960.0,45440.0
game_059,medium,1,warm,10080.0,16960.0,45440.0
game_059,medium,2,warm,10080.0,16960.0,45440.0
game_059,medium,3,warm,10080.0,16960.0,45440.0
game_059,medium,4,warm,10080.0,16960.0,45440.0
game_059,medium,5,warm,10080.0,16960.0,45440.0
game_059,medium,6,warm,10080.0,16960.0,45440.0
game_059,medium,7,warm,10080.0,16960.0,45440.0
game_059,medium,8,warm,10080.0,16960.0,45440.0
game_059,medium,9,warm,10080.0,16960.0,45440.0
game_060,medium,0,cold,5680.0,16960.0,50640.0
game_060,medium,1,warm,5680.0,16960.0,50640.0
game_060,medium,2,warm,5680.0,16960.0,50640.0
game_060,medium,3,warm,5680.0,16960.0,50640.0
game_060,medium,4,warm,5680.0,16960.0,50640.0
game_060,medium,5,warm,5680.0,16960.0,50640.0
game_060,medium,6,warm,5680.0,16960.0,50640.0
game_060,medium,7,warm,5680.0,16960.0,50640.0
game_060,medium,8,warm,5680.0,16960.0,50640.0
game_060,medium,9,warm,5680.0,16960.0,50640.0
game_061,medium,0,cold,8480.0,24160.0,34240.0
game_061,medium,1,warm,8480.0,24160.0,34240.0
game_061,medium,2,warm,8480.0,24160.0,34240.0
game_061,medium,3,warm,8480.0,24160.0,34240.0
game_061,medium,4,warm,8480.0,24160.0,34240.0
game_061,medium,5,warm,8480.0,24160.0,34240.0
game_061,medium,6,warm,8480.0,24160.0,34240.0
game_061,medium,7,warm,8480.0,24160.0,34240.0
game_061,medium,8,warm,8480.0,24160.0,34240.0
game_061,medium,9,warm,8480.0,24160.0,34240.0
game_062,medium,0,cold,4080.0,24160.0,39440.0
game_062,medium,1,warm,4080.0,24160.0,39440.0
game_062,medium,2,warm,4080.0,24160.0,39440.0
game_062,medium,3,warm,4080.0,24160.0,39440.0
game_062,medium,4,warm,4080.0,24160.0,39440.0
game_062,medium,5,warm,4080.0,24160.0,39440.0
game_062,medium,6,warm,4080.0,24160.0,39440.0
game_062,medium,7,warm,4080.0,24160.0,39440.0
game_062,medium,8,warm,4080.0,24160.0,39440.0
game_062,medium,9,warm,4080.0,24160.0,39440.0
game_063,medium,0,cold,6880.0,16960.0,37440.0
game_063,medium,1,warm,6880.0,16960.0,37440.0
game_063,medium,2,warm,6880.0,16960.0,37440.0
game_063,medium,3,warm,6880.0,16960.0,37440.0
game_063,medium,4,warm,6880.0,16960.0,37440.0
game_063,medium,5,warm,6880.0,16960.0,37440.0
game_063,medium,6,warm,6880.0,16960.0,37440.0
game_063,medium,7,warm,6880.0,16960.0,37440.0
game_063,medium,8,warm,6880.0,16960.0,37440.0
game_063,medium,9,warm,6880.0,16960.0,37440.0
game_064,medium,0,cold,9680.0,24160.0,49840.0
game_064,medium,1,warm,9680.0,24160.0,49840.0
game_064,medium,2,warm,9680.0,24160.0,49840.0
game_064,medium,3,warm,9680.0,24160.0,49840.0
game_064,medium,4,warm,9680.0,24160.0,49840.0
game_064,medium,5,warm,9680.0,24160.0,49840.0
game_064,medium,6,warm,9680.0,24160.0,49840.0
game_064,medium,7,warm,9680.0,24160.0,49840.0
game_064,medium,8,warm,9680.0,24160.0,49840.0
game_064,medium,9,warm,9680.0,24160.0,49840.0
game_065,medium,0,cold,5280.0,24160.0,55040.0
game_065,medium,1,warm,5280.0,24160.0,55040.0
game_065,medium,2,warm,5280.0,24160.0,55040.0
game_065,medium,3,warm,5280.0,24160.0,55040.0
game_065,medium,4,warm,5280.0,24160.0,55040.0
game_065,medium,5,warm,5280.0,24160.0,55040.0
game_065,medium,6,warm,5280.0,24160.0,55040.0
game_065,medium,7,warm,5280.0,24160.0,55040.0
game_065,medium,8,warm,5280.0,24160.0,55040.0
game_065,medium,9,warm,5280.0,24160.0,55040.0
game_066,medium,0,cold,8080.0,16960.0,53040.0
game_066,medium,1,warm,8080.0,16960.0,53040.0
game_066,medium,2,warm,8080.0,16960.0,53040.0
game_066,medium,3,warm,8080.0,16960.0,53040.0
game_066,medium,4,warm,8080.0,16960.0,53040.0
game_066,medium,5,warm,8080.0,16960.0,53040.0
game_066,medium,6,warm,8080.0,16960.0,53040.0
game_066,medium,7,warm,8080.0,16960.0,53040.0
game_066,medium,8,warm,8080.0,16960.0,53040.0
game_066,medium,9,warm,8080.0,16960.0,53040.0
game_067,medium,0,cold,3680.0,16960.0,29440.0
game_067,medium,1,warm,3680.0,16960.0,29440.0
game_067,medium,2,warm,3680.0,16960.0,29440.0
game_067,medium,3,warm,3680.0,16960.0,29440.0
game_067,medium,4,warm,3680.0,16960.0,29440.0
game_067,medium,5,warm,3680.0,16960.0,29440.0
game_067,medium,6,warm,3680.0,16960.0,29440.0
game_067,medium,7,warm,3680.0,16960.0,29440.0
game_067,medium,8,warm,3680.0,16960.0,29440.0
game_067,medium,9,warm,3680.0,16960.0,29440.0
game_068,medium,0,cold,6480.0,24160.0,41840.0
game_068,medium,1,warm,6480.0,24160.0,41840.0
game_068,medium,2,warm,6480.0,24160.0,41840.0
game_068,medium,3,warm,6480.0,24160.0,41840.0
game_068,medium,4,warm,6480.0,24160.0,41840.0
game_068,medium,5,warm,6480.0,24160.0,41840.0
game_068,medium,6,warm,6480.0,24160.0,41840.0
game_068,medium,7,warm,6480.0,24160.0,41840.0
game_068,medium,8,warm,6480.0,24160.0,41840.0
game_068,medium,9,warm,6480.0,24160.0,41840.0
game_069,medium,0,cold,9280.0,16960.0,39840.0
game_069,medium,1,warm,9280.0,16960.0,39840.0
game_069,medium,2,warm,9280.0,16960.0,39840.0
game_069,medium,3,warm,9280.0,16960.0,39840.0
game_069,medium,4,warm,9280.0,16960.0,39840.0
game_069,medium,5,warm,9280.0,16960.0,39840.0
game_069,medium,6,warm,9280.0,16960.0,39840.0
game_069,medium,7,warm,9280.0,16960.0,39840.0
game_069,medium,8,warm,9280.0,16960.0,39840.0
game_069,medium,9,warm,9280.0,16960.0,39840.0
game_070,medium,0,cold,4880.0,16960.0,45040.0
game_070,medium,1,warm,4880.0,16960.0,45040.0
game_070,medium,2,warm,4880.0,16960.0,45040.0
game_070,medium,3,warm,4880.0,16960.0,45040.0
game_070,medium,4,warm,4880.0,16960.0,45040.0
game_070,medium,5,warm,4880.0,16960.0,45040.0
game_070,medium,6,warm,4880.0,16960.0,45040.0
game_070,medium,7,warm,4880.0,16960.0,45040.0
game_070,medium,8,warm,4880.0,16960.0,45040.0
game_070,medium,9,warm,4880.0,16960.0,45040.0
game_071,medium,0,cold,7680.0,24160.0,57440.0
game_071,medium,1,warm,7680.0,24160.0,57440.0
game_071,medium,2,warm,7680.0,24160.0,57440.0
game_071,medium,3,warm,7680.0,24160.0,57440.0
game_071,medium,4,warm,7680.0,24160.0,57440.0
game_071,medium,5,warm,7680.0,24160.0,57440.0
game_071,medium,6,warm,7680.0,24160.0,57440.0
game_071,medium,7,warm,7680.0,24160.0,57440.0
game_071,medium,8,warm,7680.0,24160.0,57440.0
game_071,medium,9,warm,7680.0,24160.0,57440.0
game_072,medium,0,cold,3280.0,9760.0,19440.0
game_072,medium,1,warm,3280.0,9760.0,19440.0
game_072,medium,2,warm,3280.0,9760.0,19440.0
game_072,medium,3,warm,3280.0,9760.0,19440.0
game_072,medium,4,warm,3280.0,9760.0,19440.0
game_072,medium,5,warm,3280.0,9760.0,19440.0
game_072,medium,6,warm,3280.0,9760.0,19440.0
game_072,medium,7,warm,3280.0,9760.0,19440.0
game_072,medium,8,warm,3280.0,9760.0,19440.0
game_072,medium,9,warm,3280.0,9760.0,19440.0
game_073,medium,0,cold,6080.0,16960.0,31840.0
game_073,medium,1,warm,6080.0,16960.0,31840.0
game_073,medium,2,warm,6080.0,16960.0,31840.0
game_073,medium,3,warm,6080.0,16960.0,31840.0
game_073,medium,4,warm,6080.0,16960.0,31840.0
game_073,medium,5,warm,6080.0,16960.0,31840.0
game_073,medium,6,warm,6080.0,16960.0,31840.0
game_073,medium,7,warm,6080.0,16960.0,31840.0
game_073,medium,8,warm,6080.0,16960.0,31840.0
game_073,medium,9,warm,6080.0,16960.0,31840.0
game_074,medium,0,cold,8880.0,24160.0,44240.0
game_074,medium,1,warm,8880.0,24160.0,44240.0
game_074,medium,2,warm,8880.0,24160.0,44240.0
game_074,medium,3,warm,8880.0,24160.0,44240.0
game_074,medium,4,warm,8880.0,24160.0,44240.0
game_074,medium,5,warm,8880.0,24160.0,44240.0
game_074,medium,6,warm,8880.0,24160.0,44240.0
game_074,medium,7,warm,8880.0,24160.0,44240.0
game_074,medium,8,warm,8880.0,24160.0,44240.0
game_074,medium,9,warm,8880.0,24160.0,44240.0
game_075,medium,0,cold,4480.0,24160.0,49440.0
game_075,medium,1,warm,4480.0,24160.0,49440.0
game_075,medium,2,warm,4480.0,24160.0,49440.0
game_075,medium,3,warm,4480.0,24160.0,49440.0
game_075,medium,4,warm,4480.0,24160.0,49440.0
game_075,medium,5,warm,4480.0,24160.0,49440.0
game_075,medium,6,warm,4480.0,24160.0,49440.0
game_075,medium,7,warm,4480.0,24160.0,49440.0
game_075,medium,8,warm,4480.0,24160.0,49440.0
game_075,medium,9,warm,4480.0,24160.0,49440.0
game_076,medium,0,cold,7280.0,16960.0,47440.0
game_076,medium,1,warm,7280.0,16960.0,47440.0
game_076,medium,2,warm,7280.0,16960.0,47440.0
game_076,medium,3,warm,7280.0,16960.0,47440.0
game_076,medium,4,warm,7280.0,16960.0,47440.0
game_076,medium,5,warm,7280.0,16960.0,47440.0
game_076,medium,6,warm,7280.0,16960.0,47440.0
game_076,medium,7,warm,7280.0,16960.0,47440.0
game_076,medium,8,warm,7280.0,16960.0,47440.0
game_076,medium,9,warm,7280.0,16960.0,47440.0
game_077,medium,0,cold,10080.0,24160.0,59840.0
game_077,medium,1,warm,10080.0,24160.0,59840.0
game_077,medium,2,warm,10080.0,24160.0,59840.0
game_077,medium,3,warm,10080.0,24160.0,59840.0
game_077,medium,4,warm,10080.0,24160.0,59840.0
game_077,medium,5,warm,10080.0,24160.0,59840.0
game_077,medium,6,warm,10080.0,24160.0,59840.0
game_077,medium,7,warm,10080.0,24160.0,59840.0
game_077,medium,8,warm,10080.0,24160.0,59840.0
game_077,medium,9,warm,10080.0,24160.0,59840.0
game_078,medium,0,cold,5680.0,24160.0,36240.0
game_078,medium,1,warm,5680.0,24160.0,36240.0
game_078,medium,2,warm,5680.0,24160.0,36240.0
game_078,medium,3,warm,5680.0,24160.0,36240.0
game_078,medium,4,warm,5680.0,24160.0,36240.0
game_078,medium,5,warm,5680.0,24160.0,36240.0
game_078,medium,6,warm,5680.0,24160.0,36240.0
game_078,medium,7,warm,5680.0,24160.0,36240.0
game_078,medium,8,warm,5680.0,24160.0,36240.0
game_078,medium,9,warm,5680.0,24160.0,36240.0
game_079,medium,0,cold,8480.0,16960.0,34240.0
game_079,medium,1,warm,8480.0,16960.0,34240.0
game_079,medium,2,warm,8480.0,16960.0,34240.0
game_079,medium,3,warm,8480.0,16960.0,34240.0
game_079,medium,4,warm,8480.0,16960.0,34240.0
game_079,medium,5,warm,8480.0,16960.0,34240.0
game_079,medium,6,warm,8480.0,16960.0,34240.0
game_079,medium,7,warm,8480.0,16960.0,34240.0
game_079,medium,8,warm,8480.0,16960.0,34240.0
game_079,medium,9,warm,8480.0,16960.0,34240.0
game_080,medium,0,cold,4080.0,16960.0,39440.0
game_080,medium,1,warm,4080.0,16960.0,39440.0
game_080,medium,2,warm,4080.0,16960.0,39440.0
game_080,medium,3,warm,4080.0,16960.0,39440.0
game_080,medium,4,warm,4080.0,16960.0,39440.0
game_080,medium,5,warm,4080.0,16960.0,39440.0
game_080,medium,6,warm,4080.0,16960.0,39440.0
game_080,medium,7,warm,4080.0,16960.0,39440.0
game_080,medium,8,warm,4080.0,16960.0,39440.0
game_080,medium,9,warm,4080.0,16960.0,39440.0
game_081,medium,0,cold,6880.0,24160.0,51840.0
game_081,medium,1,warm,6880.0,24160.0,51840.0
game_081,medium,2,warm,6880.0,24160.0,51840.0
game_081,medium,3,warm,6880.0,24160.0,51840.0
game_081,medium,4,warm,6880.0,24160.0,51840.0
game_081,medium,5,warm,6880.0,24160.0,51840.0
game_081,medium,6,warm,6880.0,24160.0,51840.0
game_081,medium,7,warm,6880.0,24160.0,51840.0
game_081,medium,8,warm,6880.0,24160.0,51840.0
game_081,medium,9,warm,6880.0,24160.0,51840.0
game_082,medium,0,cold,9680.0,16960.0,49840.0
game_082,medium,1,warm,9680.0,16960.0,49840.0
game_082,medium,2,warm,9680.0,16960.0,49840.0
game_082,medium,3,warm,9680.0,16960.0,49840.0
game_082,medium,4,warm,9680.0,16960.0,49840.0
game_082,medium,5,warm,9680.0,16960.0,49840.0
game_082,medium,6,warm,9680.0,16960.0,49840.0
game_082,medium,7,warm,9680.0,16960.0,49840.0
game_082,medium,8,warm,9680.0,16960.0,49840.0
game_082,medium,9,warm,9680.0,16960.0,49840.0
game_083,medium,0,cold,5280.0,16960.0,55040.0
game_083,medium,1,warm,5280.0,16960.0,55040.0
game_083,medium,2,warm,5280.0,16960.0,55040.0
game_083,medium,3,warm,5280.0,16960.0,55040.0
game_083,medium,4,warm,5280.0,16960.0,55040.0
game_083,medium,5,warm,5280.0,16960.0,55040.0
game_083,medium,6,warm,5280.0,16960.0,55040.0
game_083,medium,7,warm,5280.0,16960.0,55040.0
game_083,medium,8,warm,5280.0,16960.0,55040.0
game_083,medium,9,warm,5280.0,16960.0,55040.0
game_084,medium,0,cold,8080.0,24160.0,38640.0
game_084,medium,1,warm,8080.0,24160.0,38640.0
game_084,medium,2,warm,8080.0,24160.0,38640.0
game_084,medium,3,warm,8080.0,24160.0,38640.0
game_084,medium,4,warm,8080.0,24160.0,38640.0
game_084,medium,5,warm,8080.0,24160.0,38640.0
game_084,medium,6,warm,8080.0,24160.0,38640.0
game_084,medium,7,warm,8080.0,24160.0,38640.0
game_084,medium,8,warm,8080.0,24160.0,38640.0
game_084,medium,9,warm,8080.0,24160.0,38640.0
game_085,medium,0,cold,3680.0,24160.0,43840.0
game_085,medium,1,warm,3680.0,24160.0,43840.0
game_085,medium,2,warm,3680.0,24160.0,43840.0
game_085,medium,3,warm,3680.0,24160.0,43840.0
game_085,medium,4,warm,3680.0,24160.0,43840.0
game_085,medium,5,warm,3680.0,24160.0,43840.0
game_085,medium,6,warm,3680.0,24160.0,43840.0
game_085,medium,7,warm,3680.0,24160.0,43840.0
game_085,medium,8,warm,3680.0,24160.0,43840.0
game_085,medium,9,warm,3680.0,24160.0,43840.0
game_086,medium,0,cold,6480.0,16960.0,41840.0
game_086,medium,1,warm,6480.0,16960.0,41840.0
game_086,medium,2,warm,6480.0,16960.0,41840.0
game_086,medium,3,warm,6480.0,16960.0,41840.0
game_086,medium,4,warm,6480.0,16960.0,41840.0
game_086,medium,5,warm,6480.0,16960.0,41840.0
game_086,medium,6,warm,6480.0,16960.0,41840.0
game_086,medium,7,warm,6480.0,16960.0,41840.0
game_086,medium,8,warm,6480.0,16960.0,41840.0
game_086,medium,9,warm,6480.0,16960.0,41840.0
game_087,medium,0,cold,9280.0,24160.0,54240.0
game_087,medium,1,warm,9280.0,24160.0,54240.0
game_087,medium,2,warm,9280.0,24160.0,54240.0
game_087,medium,3,warm,9280.0,24160.0,54240.0
game_087,medium,4,warm,9280.0,24160.0,54240.0
game_087,medium,5,warm,9280.0,24160.0,54240.0
game_087,medium,6,warm,9280.0,24160.0,54240.0
game_087,medium,7,warm,9280.0,24160.0,54240.0
game_087,medium,8,warm,9280.0,24160.0,54240.0
game_087,medium,9,warm,9280.0,24160.0,54240.0
game_088,medium,0,cold,4880.0,24160.0,59440.0
game_088,medium,1,warm,4880.0,24160.0,59440.0
game_088,medium,2,warm,4880.0,24160.0,59440.0
game_088,medium,3,warm,4880.0,24160.0,59440.0
game_088,medium,4,warm,4880.0,24160.0,59440.0
game_088,medium,5,warm,4880.0,24160.0,59440.0
game_088,medium,6,warm,4880.0,24160.0,59440.0
game_088,medium,7,warm,4880.0,24160.0,59440.0
game_088,medium,8,warm,4880.0,24160.0,59440.0
game_088,medium,9,warm,4880.0,24160.0,59440.0
game_089,medium,0,cold,7680.0,16960.0,28640.0
game_089,medium,1,warm,7680.0,16960.0,28640.0
game_089,medium,2,warm,7680.0,16960.0,28640.0
game_089,medium,3,warm,7680.0,16960.0,28640.0
game_089,medium,4,warm,7680.0,16960.0,28640.0
game_089,medium,5,warm,7680.0,16960.0,28640.0
game_089,medium,6,warm,7680.0,16960.0,28640.0
game_089,medium,7,warm,7680.0,16960.0,28640.0
game_089,medium,8,warm,7680.0,16960.0,28640.0
game_089,medium,9,warm,7680.0,16960.0,28640.0
game_090,medium,0,cold,3280.0,16960.0,33840.0
game_090,medium,1,warm,3280.0,16960.0,33840.0
game_090,medium,2,warm,3280.0,16960.0,33840.0
game_090,medium,3,warm,3280.0,16960.0,33840.0
game_090,medium,4,warm,3280.0,16960.0,33840.0
game_090,medium,5,warm,3280.0,16960.0,33840.0
game_090,medium,6,warm,3280.0,16960.0,33840.0
game_090,medium,7,warm,3280.0,16960.0,33840.0
game_090,medium,8,warm,3280.0,16960.0,33840.0
game_090,medium,9,warm,3280.0,16960.0,33840.0
game_091,medium,0,cold,6080.0,24160.0,46240.0
game_091,medium,1,warm,6080.0,24160.0,46240.0
game_091,medium,2,warm,6080.0,24160.0,46240.0
game_091,medium,3,warm,6080.0,24160.0,46240.0
game_091,medium,4,warm,6080.0,24160.0,46240.0
game_091,medium,5,warm,6080.0,24160.0,46240.0
game_091,medium,6,warm,6080.0,24160.0,46240.0
game_091,medium,7,warm,6080.0,24160.0,46240.0
game_091,medium,8,warm,6080.0,24160.0,46240.0
game_091,medium,9,warm,6080.0,24160.0,46240.0
game_092,medium,0,cold,8880.0,16960.0,44240.0
game_092,medium,1,warm,8880.0,16960.0,44240.0
game_092,medium,2,warm,8880.0,16960.0,44240.0
game_092,medium,3,warm,8880.0,16960.0,44240.0
game_092,medium,4,warm,8880.0,16960.0,44240.0
game_092,medium,5,warm,8880.0,16960.0,44240.0
game_092,medium,6,warm,8880.0,16960.0,44240.0
game_092,medium,7,warm,8880.0,16960.0,44240.0
game_092,medium,8,warm,8880.0,16960.0,44240.0
game_092,medium,9,warm,8880.0,16960.0,44240.0
game_093,medium,0,cold,4480.0,16960.0,49440.0
game_093,medium,1,warm,4480.0,16960.0,49440.0
game_093,medium,2,warm,4480.0,16960.0,49440.0
game_093,medium,3,warm,4480.0,16960.0,49440.0
game_093,medium,4,warm,4480.0,16960.0,49440.0
game_093,medium,5,warm,4480.0,16960.0,49440.0
game_093,medium,6,warm,4480.0,16960.0,49440.0
game_093,medium,7,warm,4480.0,16960.0,49440.0
game_093,medium,8,warm,4480.0,16960.0,49440.0
game_093,medium,9,warm,4480.0,16960.0,49440.0
game_094,medium,0,cold,7280.0,24160.0,61840.0
game_094,medium,1,warm,7280.0,24160.0,61840.0
game_094,medium,2,warm,7280.0,24160.0,61840.0
game_094,medium,3,warm,7280.0,24160.0,61840.0
game_094,medium,4,warm,7280.0,24160.0,61840.0
game_094,medium,5,warm,7280.0,24160.0,61840.0
game_094,medium,6,warm,7280.0,24160.0,61840.0
game_094,medium,7,warm,7280.0,24160.0,61840.0
game_094,medium,8,warm,7280.0,24160.0,61840.0
game_094,medium,9,warm,7280.0,24160.0,61840.0
game_095,medium,0,cold,10080.0,16960.0,31040.0
game_095,medium,1,warm,10080.0,16960.0,31040.0
game_095,medium,2,warm,10080.0,16960.0,31040.0
game_095,medium,3,warm,10080.0,16960.0,31040.0
game_095,medium,4,warm,10080.0,16960.0,31040.0
game_095,medium,5,warm,10080.0,16960.0,31040.0
game_095,medium,6,warm,10080.0,16960.0,31040.0
game_095,medium,7,warm,10080.0,16960.0,31040.0
game_095,medium,8,warm,10080.0,16960.0,31040.0
game_095,medium,9,warm,10080.0,16960.0,31040.0
game_096,medium,0,cold,5680.0,16960.0,36240.0
game_096,medium,1,warm,5680.0,16960.0,36240.0
game_096,medium,2,warm,5680.0,16960.0,36240.0
game_096,medium,3,warm,5680.0,16960.0,36240.0
game_096,medium,4,warm,5680.0,16960.0,36240.0
game_096,medium,5,warm,5680.0,16960.0,36240.0
game_096,medium,6,warm,5680.0,16960.0,36240.0
game_096,medium,7,warm,5680.0,16960.0,36240.0
game_096,medium,8,warm,5680.0,16960.0,36240.0
game_096,medium,9,warm,5680.0,16960.0,36240.0
game_097,medium,0,cold,8480.0,24160.0,48640.0
game_097,medium,1,warm,8480.0,24160.0,48640.0
game_097,medium,2,warm,8480.0,24160.0,48640.0
game_097,medium,3,warm,8480.0,24160.0,48640.0
game_097,medium,4,warm,8480.0,24160.0,48640.0
game_097,medium,5,warm,8480.0,24160.0,48640.0
game_097,medium,6,warm,8480.0,24160.0,48640.0
game_097,medium,7,warm,8480.0,24160.0,48640.0
game_097,medium,8,warm,8480.0,24160.0,48640.0
game_097,medium,9,warm,8480.0,24160.0,48640.0
game_098,medium,0,cold,4080.0,24160.0,53840.0
game_098,medium,1,warm,4080.0,24160.0,53840.0
game_098,medium,2,warm,4080.0,24160.0,53840.0
game_098,medium,3,warm,4080.0,24160.0,53840.0
game_098,medium,4,warm,4080.0,24160.0,53840.0
game_098,medium,5,warm,4080.0,24160.0,53840.0
game_098,medium,6,warm,4080.0,24160.0,53840.0
game_098,medium,7,warm,4080.0,24160.0,53840.0
game_098,medium,8,warm,4080.0,24160.0,53840.0
game_098,medium,9,warm,4080.0,24160.0,53840.0
game_099,medium,0,cold,6880.0,16960.0,51840.0
game_099,medium,1,warm,6880.0,16960.0,51840.0
game_099,medium,2,warm,6880.0,16960.0,51840.0
game_099,medium,3,warm,6880.0,16960.0,51840.0
game_099,medium,4,warm,6880.0,16960.0,51840.0
game_099,medium,5,warm,6880.0,16960.0,51840.0
game_099,medium,6,warm,6880.0,16960.0,51840.0
game_099,medium,7,warm,6880.0,16960.0,51840.0
game_099,medium,8,warm,6880.0,16960.0,51840.0
game_099,medium,9,warm,6880.0,16960.0,51840.0
game_100,medium,0,cold,9680.0,24160.0,35440.0
game_100,medium,1,warm,9680.0,24160.0,35440.0
game_100,medium,2,warm,9680.0,24160.0,35440.0
game_100,medium,3,warm,9680.0,24160.0,35440.0
game_100,medium,4,warm,9680.0,24160.0,35440.0
game_100,medium,5,warm,9680.0,24160.0,35440.0
game_100,medium,6,warm,9680.0,24160.0,35440.0
game_100,medium,7,warm,9680.0,24160.0,35440.0
game_100,medium,8,warm,9680.0,24160.0,35440.0
game_100,medium,9,warm,9680.0,24160.0,35440.0
game_001,slow,0,cold,24200.0,67600.0,127000.0
game_001,slow,1,warm,24200.0,67600.0,127000.0
game_001,slow,2,warm,24200.0,67600.0,127000.0
game_001,slow,3,warm,24200.0,67600.0,127000.0
game_001,slow,4,warm,24200.0,67600.0,127000.0
game_001,slow,5,warm,24200.0,67600.0,127000.0
game_001,slow,6,warm,24200.0,67600.0,127000.0
game_001,slow,7,warm,24200.0,67600.0,127000.0
game_001,slow,8,warm,24200.0,67600.0,127000.0
game_001,slow,9,warm,24200.0,67600.0,127000.0
game_002,slow,0,cold,35400.0,96400.0,176600.0
game_002,slow,1,warm,35400.0,96400.0,176600.0
game_002,slow,2,warm,35400.0,96400.0,176600.0
game_002,slow,3,warm,35400.0,96400.0,176600.0
game_002,slow,4,warm,35400.0,96400.0,176600.0
game_002,slow,5,warm,35400.0,96400.0,176600.0
game_002,slow,6,warm,35400.0,96400.0,176600.0
game_002,slow,7,warm,35400.0,96400.0,176600.0
game_002,slow,8,warm,35400.0,96400.0,176600.0
game_002,slow,9,warm,35400.0,96400.0,176600.0
game_003,slow,0,cold,17800.0,96400.0,197400.0
game_003,slow,1,warm,17800.0,96400.0,197400.0
game_003,slow,2,warm,17800.0,96400.0,197400.0
game_003,slow,3,warm,17800.0,96400.0,197400.0
game_003,slow,4,warm,17800.0,96400.0,197400.0
game_003,slow,5,warm,17800.0,96400.0,197400.0
game_003,slow,6,warm,17800.0,96400.0,197400.0
game_003,slow,7,warm,17800.0,96400.0,197400.0
game_003,slow,8,warm,17800.0,96400.0,197400.0
game_003,slow,9,warm,17800.0,96400.0,197400.0
game_004,slow,0,cold,29000.0,67600.0,189400.0
game_004,slow,1,warm,29000.0,67600.0,189400.0
game_004,slow,2,warm,29000.0,67600.0,189400.0
game_004,slow,3,warm,29000.0,67600.0,189400.0
game_004,slow,4,warm,29000.0,67600.0,189400.0
game_004,slow,5,warm,29000.0,67600.0,189400.0
game_004,slow,6,warm,29000.0,67600.0,189400.0
game_004,slow,7,warm,29000.0,67600.0,189400.0
game_004,slow,8,warm,29000.0,67600.0,189400.0
game_004,slow,9,warm,29000.0,67600.0,189400.0
game_005,slow,0,cold,40200.0,96400.0,239000.0
game_005,slow,1,warm,40200.0,96400.0,239000.0
game_005,slow,2,warm,40200.0,96400.0,239000.0
game_005,slow,3,warm,40200.0,96400.0,239000.0
game_005,slow,4,warm,40200.0,96400.0,239000.0
game_005,slow,5,warm,40200.0,96400.0,239000.0
game_005,slow,6,warm,40200.0,96400.0,239000.0
game_005,slow,7,warm,40200.0,96400.0,239000.0
game_005,slow,8,warm,40200.0,96400.0,239000.0
game_005,slow,9,warm,40200.0,96400.0,239000.0
game_006,slow,0,cold,22600.0,96400.0,144600.0
game_006,slow,1,warm,22600.0,96400.0,144600.0
game_006,slow,2,warm,22600.0,96400.0,144600.0
game_006,slow,3,warm,22600.0,96400.0,144600.0
game_006,slow,4,warm,22600.0,96400.0,144600.0
game_006,slow,5,warm,22600.0,96400.0,144600.0
game_006,slow,6,warm,22600.0,96400.0,144600.0
game_006,slow,7,warm,22600.0,96400.0,144600.0
game_006,slow,8,warm,22600.0,96400.0,144600.0
game_006,slow,9,warm,22600.0,96400.0,144600.0
game_007,slow,0,cold,33800.0,67600.0,136600.0
game_007,slow,1,warm,33800.0,67600.0,136600.0
game_007,slow,2,warm,33800.0,67600.0,136600.0
game_007,slow,3,warm,33800.0,67600.0,136600.0
game_007,slow,4,warm,33800.0,67600.0,136600.0
game_007,slow,5,warm,33800.0,67600.0,136600.0
game_007,slow,6,warm,33800.0,67600.0,136600.0
game_007,slow,7,warm,33800.0,67600.0,136600.0
game_007,slow,8,warm,33800.0,67600.0,136600.0
game_007,slow,9,warm,33800.0,67600.0,136600.0
game_008,slow,0,cold,16200.0,67600.0,157400.0
game_008,slow,1,warm,16200.0,67600.0,157400.0
game_008,slow,2,warm,16200.0,67600.0,157400.0
game_008,slow,3,warm,16200.0,67600.0,157400.0
game_008,slow,4,warm,16200.0,67600.0,157400.0
game_008,slow,5,warm,16200.0,67600.0,157400.0
game_008,slow,6,warm,16200.0,67600.0,157400.0
game_008,slow,7,warm,16200.0,67600.0,157400.0
game_008,slow,8,warm,16200.0,67600.0,157400.0
game_008,slow,9,warm,16200.0,67600.0,157400.0
game_009,slow,0,cold,27400.0,96400.0,207000.0
game_009,slow,1,warm,27400.0,96400.0,207000.0
game_009,slow,2,warm,27400.0,96400.0,207000.0
game_009,slow,3,warm,27400.0,96400.0,207000.0
game_009,slow,4,warm,27400.0,96400.0,207000.0
game_009,slow,5,warm,27400.0,96400.0,207000.0
game_009,slow,6,warm,27400.0,96400.0,207000.0
game_009,slow,7,warm,27400.0,96400.0,207000.0
game_009,slow,8,warm,27400.0,96400.0,207000.0
game_009,slow,9,warm,27400.0,96400.0,207000.0
game_010,slow,0,cold,38600.0,67600.0,199000.0
game_010,slow,1,warm,38600.0,67600.0,199000.0
game_010,slow,2,warm,38600.0,67600.0,199000.0
game_010,slow,3,warm,38600.0,67600.0,199000.0
game_010,slow,4,warm,38600.0,67600.0,199000.0
game_010,slow,5,warm,38600.0,67600.0,199000.0
game_010,slow,6,warm,38600.0,67600.0,199000.0
game_010,slow,7,warm,38600.0,67600.0,199000.0
game_010,slow,8,warm,38600.0,67600.0,199000.0
game_010,slow,9,warm,38600.0,67600.0,199000.0
game_011,slow,0,cold,21000.0,67600.0,219800.0
game_011,slow,1,warm,21000.0,67600.0,219800.0
game_011,slow,2,warm,21000.0,67600.0,219800.0
game_011,slow,3,warm,21000.0,67600.0,219800.0
game_011,slow,4,warm,21000.0,67600.0,219800.0
game_011,slow,5,warm,21000.0,67600.0,219800.0
game_011,slow,6,warm,21000.0,67600.0,219800.0
game_011,slow,7,warm,21000.0,67600.0,219800.0
game_011,slow,8,warm,21000.0,67600.0,219800.0
game_011,slow,9,warm,21000.0,67600.0,219800.0
game_012,slow,0,cold,32200.0,96400.0,154200.0
game_012,slow,1,warm,32200.0,96400.0,154200.0
game_012,slow,2,warm,32200.0,96400.0,154200.0
game_012,slow,3,warm,32200.0,96400.0,154200.0
game_012,slow,4,warm,32200.0,96400.0,154200.0
game_012,slow,5,warm,32200.0,96400.0,154200.0
game_012,slow,6,warm,32200.0,96400.0,154200.0
game_012,slow,7,warm,32200.0,96400.0,154200.0
game_012,slow,8,warm,32200.0,96400.0,154200.0
game_012,slow,9,warm,32200.0,96400.0,154200.0
game_013,slow,0,cold,14600.0,96400.0,175000.0
game_013,slow,1,warm,14600.0,96400.0,175000.0
game_013,slow,2,warm,14600.0,96400.0,175000.0
game_013,slow,3,warm,14600.0,96400.0,175000.0
game_013,slow,4,warm,14600.0,96400.0,175000.0
game_013,slow,5,warm,14600.0,96400.0,175000.0
game_013,slow,6,warm,14600.0,96400.0,175000.0
game_013,slow,7,warm,14600.0,96400.0,175000.0
game_013,slow,8,warm,14600.0,96400.0,175000.0
game_013,slow,9,warm,14600.0,96400.0,175000.0
game_014,slow,0,cold,25800.0,67600.0,167000.0
game_014,slow,1,warm,25800.0,67600.0,167000.0
game_014,slow,2,warm,25800.0,67600.0,167000.0
game_014,slow,3,warm,25800.0,67600.0,167000.0
game_014,slow,4,warm,25800.0,67600.0,167000.0
game_014,slow,5,warm,25800.0,67600.0,167000.0
game_014,slow,6,warm,25800.0,67600.0,167000.0
game_014,slow,7,warm,25800.0,67600.0,167000.0
game_014,slow,8,warm,25800.0,67600.0,167000.0
game_014,slow,9,warm,25800.0,67600.0,167000.0
game_015,slow,0,cold,37000.0,96400.0,216600.0
game_015,slow,1,warm,37000.0,96400.0,216600.0
game_015,slow,2,warm,37000.0,96400.0,216600.0
game_015,slow,3,warm,37000.0,96400.0,216600.0
game_015,slow,4,warm,37000.0,96400.0,216600.0
game_015,slow,5,warm,37000.0,96400.0,216600.0
game_015,slow,6,warm,37000.0,96400.0,216600.0
game_015,slow,7,warm,37000.0,96400.0,216600.0
game_015,slow,8,warm,37000.0,96400.0,216600.0
game_015,slow,9,warm,37000.0,96400.0,216600.0
game_016,slow,0,cold,19400.0,96400.0,237400.0
game_016,slow,1,warm,19400.0,96400.0,237400.0
game_016,slow,2,warm,19400.0,96400.0,237400.0
game_016,slow,3,warm,19400.0,96400.0,237400.0
game_016,slow,4,warm,19400.0,96400.0,237400.0
game_016,slow,5,warm,19400.0,96400.0,237400.0
game_016,slow,6,warm,19400.0,96400.0,237400.0
game_016,slow,7,warm,19400.0,96400.0,237400.0
game_016,slow,8,warm,19400.0,96400.0,237400.0
game_016,slow,9,warm,19400.0,96400.0,237400.0
game_017,slow,0,cold,30600.0,67600.0,114200.0
game_017,slow,1,warm,30600.0,67600.0,114200.0
game_017,slow,2,warm,30600.0,67600.0,114200.0
game_017,slow,3,warm,30600.0,67600.0,114200.0
game_017,slow,4,warm,30600.0,67600.0,114200.0
game_017,slow,5,warm,30600.0,67600.0,114200.0
game_017,slow,6,warm,30600.0,67600.0,114200.0
game_017,slow,7,warm,30600.0,67600.0,114200.0
game_017,slow,8,warm,30600.0,67600.0,114200.0
game_017,slow,9,warm,30600.0,67600.0,114200.0
game_018,slow,0,cold,13000.0,67600.0,135000.0
game_018,slow,1,warm,13000.0,67600.0,135000.0
game_018,slow,2,warm,13000.0,67600.0,135000.0
game_018,slow,3,warm,13000.0,67600.0,135000.0
game_018,slow,4,warm,13000.0,67600.0,135000.0
game_018,slow,5,warm,13000.0,67600.0,135000.0
game_018,slow,6,warm,13000.0,67600.0,135000.0
game_018,slow,7,warm,13000.0,67600.0,135000.0
game_018,slow,8,warm,13000.0,67600.0,135000.0
game_018,slow,9,warm,13000.0,67600.0,135000.0
game_019,slow,0,cold,24200.0,96400.0,184600.0
game_019,slow,1,warm,24200.0,96400.0,184600.0
game_019,slow,2,warm,24200.0,96400.0,184600.0
game_019,slow,3,warm,24200.0,96400.0,184600.0
game_019,slow,4,warm,24200.0,96400.0,184600.0
game_019,slow,5,warm,24200.0,96400.0,184600.0
game_019,slow,6,warm,24200.0,96400.0,184600.0
game_019,slow,7,warm,24200.0,96400.0,184600.0
game_019,slow,8,warm,24200.0,96400.0,184600.0
game_019,slow,9,warm,24200.0,96400.0,184600.0
game_020,slow,0,cold,35400.0,67600.0,176600.0
game_020,slow,1,warm,35400.0,67600.0,176600.0
game_020,slow,2,warm,35400.0,67600.0,176600.0
game_020,slow,3,warm,35400.0,67600.0,176600.0
game_020,slow,4,warm,35400.0,67600.0,176600.0
game_020,slow,5,warm,35400.0,67600.0,176600.0
game_020,slow,6,warm,35400.0,67600.0,176600.0
game_020,slow,7,warm,35400.0,67600.0,176600.0
game_020,slow,8,warm,35400.0,67600.0,176600.0
game_020,slow,9,warm,35400.0,67600.0,176600.0
game_021,slow,0,cold,17800.0,67600.0,197400.0
game_021,slow,1,warm,17800.0,67600.0,197400.0
game_021,slow,2,warm,17800.0,67600.0,197400.0
game_021,slow,3,warm,17800.0,67600.0,197400.0
game_021,slow,4,warm,17800.0,67600.0,197400.0
game_021,slow,5,warm,17800.0,67600.0,197400.0
game_021,slow,6,warm,17800.0,67600.0,197400.0
game_021,slow,7,warm,17800.0,67600.0,197400.0
game_021,slow,8,warm,17800.0,67600.0,197400.0
game_021,slow,9,warm,17800.0,67600.0,197400.0
game_022,slow,0,cold,29000.0,96400.0,247000.0
game_022,slow,1,warm,29000.0,96400.0,247000.0
game_022,slow,2,warm,29000.0,96400.0,247000.0
game_022,slow,3,warm,29000.0,96400.0,247000.0
game_022,slow,4,warm,29000.0,96400.0,247000.0
game_022,slow,5,warm,29000.0,96400.0,247000.0
game_022,slow,6,warm,29000.0,96400.0,247000.0
game_022,slow,7,warm,29000.0,96400.0,247000.0
game_022,slow,8,warm,29000.0,96400.0,247000.0
game_022,slow,9,warm,29000.0,96400.0,247000.0
game_023,slow,0,cold,40200.0,67600.0,123800.0
game_023,slow,1,warm,40200.0,67600.0,123800.0
game_023,slow,2,warm,40200.0,67600.0,123800.0
game_023,slow,3,warm,40200.0,67600.0,123800.0
game_023,slow,4,warm,40200.0,67600.0,123800.0
game_023,slow,5,warm,40200.0,67600.0,123800.0
game_023,slow,6,warm,40200.0,67600.0,123800.0
game_023,slow,7,warm,40200.0,67600.0,123800.0
game_023,slow,8,warm,40200.0,67600.0,123800.0
game_023,slow,9,warm,40200.0,67600.0,123800.0
game_024,slow,0,cold,22600.0,67600.0,144600.0
game_024,slow,1,warm,22600.0,67600.0,144600.0
game_024,slow,2,warm,22600.0,67600.0,144600.0
game_024,slow,3,warm,22600.0,67600.0,144600.0
game_024,slow,4,warm,22600.0,67600.0,144600.0
game_024,slow,5,warm,22600.0,67600.0,144600.0
game_024,slow,6,warm,22600.0,67600.0,144600.0
game_024,slow,7,warm,22600.0,67600.0,144600.0
game_024,slow,8,warm,22600.0,67600.0,144600.0
game_024,slow,9,warm,22600.0,67600.0,144600.0
game_025,slow,0,cold,33800.0,96400.0,194200.0
game_025,slow,1,warm,33800.0,96400.0,194200.0
game_025,slow,2,warm,33800.0,96400.0,194200.0
game_025,slow,3,warm,33800.0,96400.0,194200.0
game_025,slow,4,warm,33800.0,96400.0,194200.0
game_025,slow,5,warm,33800.0,96400.0,194200.0
game_025,slow,6,warm,33800.0,96400.0,194200.0
game_025,slow,7,warm,33800.0,96400.0,194200.0
game_025,slow,8,warm,33800.0,96400.0,194200.0
game_025,slow,9,warm,33800.0,96400.0,194200.0
game_026,slow,0,cold,16200.0,96400.0,215000.0
game_026,slow,1,warm,16200.0,96400.0,215000.0
game_026,slow,2,warm,16200.0,96400.0,215000.0
game_026,slow,3,warm,16200.0,96400.0,215000.0
game_026,slow,4,warm,16200.0,96400.0,215000.0
game_026,slow,5,warm,16200.0,96400.0,215000.0
game_026,slow,6,warm,16200.0,96400.0,215000.0
game_026,slow,7,warm,16200.0,96400.0,215000.0
game_026,slow,8,warm,16200.0,96400.0,215000.0
game_026,slow,9,warm,16200.0,96400.0,215000.0
game_027,slow,0,cold,27400.0,67600.0,207000.0
game_027,slow,1,warm,27400.0,67600.0,207000.0
game_027,slow,2,warm,27400.0,67600.0,207000.0
game_027,slow,3,warm,27400.0,67600.0,207000.0
game_027,slow,4,warm,27400.0,67600.0,207000.0
game_027,slow,5,warm,27400.0,67600.0,207000.0
game_027,slow,6,warm,27400.0,67600.0,207000.0
game_027,slow,7,warm,27400.0,67600.0,207000.0
game_027,slow,8,warm,27400.0,67600.0,207000.0
game_027,slow,9,warm,27400.0,67600.0,207000.0
game_028,slow,0,cold,38600.0,96400.0,141400.0
game_028,slow,1,warm,38600.0,96400.0,141400.0
game_028,slow,2,warm,38600.0,96400.0,141400.0
game_028,slow,3,warm,38600.0,96400.0,141400.0
game_028,slow,4,warm,38600.0,96400.0,141400.0
game_028,slow,5,warm,38600.0,96400.0,141400.0
game_028,slow,6,warm,38600.0,96400.0,141400.0
game_028,slow,7,warm,38600.0,96400.0,141400.0
game_028,slow,8,warm,38600.0,96400.0,141400.0
game_028,slow,9,warm,38600.0,96400.0,141400.0
game_029,slow,0,cold,21000.0,96400.0,162200.0
game_029,slow,1,warm,21000.0,96400.0,162200.0
game_029,slow,2,warm,21000.0,96400.0,162200.0
game_029,slow,3,warm,21000.0,96400.0,162200.0
game_029,slow,4,warm,21000.0,96400.0,162200.0
game_029,slow,5,warm,21000.0,96400.0,162200.0
game_029,slow,6,warm,21000.0,96400.0,162200.0
game_029,slow,7,warm,21000.0,96400.0,162200.0
game_029,slow,8,warm,21000.0,96400.0,162200.0
game_029,slow,9,warm,21000.0,96400.0,162200.0
game_030,slow,0,cold,32200.0,67600.0,154200.0
game_030,slow,1,warm,32200.0,67600.0,154200.0
game_030,slow,2,warm,32200.0,67600.0,154200.0
game_030,slow,3,warm,32200.0,67600.0,154200.0
game_030,slow,4,warm,32200.0,67600.0,154200.0
game_030,slow,5,warm,32200.0,67600.0,154200.0
game_030,slow,6,warm,32200.0,67600.0,154200.0
game_030,slow,7,warm,32200.0,67600.0,154200.0
game_030,slow,8,warm,32200.0,67600.0,154200.0
game_030,slow,9,warm,32200.0,67600.0,154200.0
game_031,slow,0,cold,14600.0,67600.0,175000.0
game_031,slow,1,warm,14600.0,67600.0,175000.0
game_031,slow,2,warm,14600.0,67600.0,175000.0
game_031,slow,3,warm,14600.0,67600.0,175000.0
game_031,slow,4,warm,14600.0,67600.0,175000.0
game_031,slow,5,warm,14600.0,67600.0,175000.0
game_031,slow,6,warm,14600.0,67600.0,175000.0
game_031,slow,7,warm,14600.0,67600.0,175000.0
game_031,slow,8,warm,14600.0,67600.0,175000.0
game_031,slow,9,warm,14600.0,67600.0,175000.0
game_032,slow,0,cold,25800.0,96400.0,224600.0
game_032,slow,1,warm,25800.0,96400.0,224600.0
game_032,slow,2,warm,25800.0,96400.0,224600.0
game_032,slow,3,warm,25800.0,96400.0,224600.0
game_032,slow,4,warm,25800.0,96400.0,224600.0
game_032,slow,5,warm,25800.0,96400.0,224600.0
game_032,slow,6,warm,25800.0,96400.0,224600.0
game_032,slow,7,warm,25800.0,96400.0,224600.0
game_032,slow,8,warm,25800.0,96400.0,224600.0
game_032,slow,9,warm,25800.0,96400.0,224600.0
game_033,slow,0,cold,37000.0,67600.0,216600.0
game_033,slow,1,warm,37000.0,67600.0,216600.0
game_033,slow,2,warm,37000.0,67600.0,216600.0
game_033,slow,3,warm,37000.0,67600.0,216600.0
game_033,slow,4,warm,37000.0,67600.0,216600.0
game_033,slow,5,warm,37000.0,67600.0,216600.0
game_033,slow,6,warm,37000.0,67600.0,216600.0
game_033,slow,7,warm,37000.0,67600.0,216600.0
game_033,slow,8,warm,37000.0,67600.0,216600.0
game_033,slow,9,warm,37000.0,67600.0,216600.0
game_034,slow,0,cold,19400.0,67600.0,122200.0
game_034,slow,1,warm,19400.0,67600.0,122200.0
game_034,slow,2,warm,19400.0,67600.0,122200.0
game_034,slow,3,warm,19400.0,67600.0,122200.0
game_034,slow,4,warm,19400.0,67600.0,122200.0
game_034,slow,5,warm,19400.0,67600.0,122200.0
game_034,slow,6,warm,19400.0,67600.0,122200.0
game_034,slow,7,warm,19400.0,67600.0,122200.0
game_034,slow,8,warm,19400.0,67600.0,122200.0
game_034,slow,9,warm,19400.0,67600.0,122200.0
game_035,slow,0,cold,30600.0,96400.0,171800.0
game_035,slow,1,warm,30600.0,96400.0,171800.0
game_035,slow,2,warm,30600.0,96400.0,171800.0
game_035,slow,3,warm,30600.0,96400.0,171800.0
game_035,slow,4,warm,30600.0,96400.0,171800.0
game_035,slow,5,warm,30600.0,96400.0,171800.0
game_035,slow,6,warm,30600.0,96400.0,171800.0
game_035,slow,7,warm,30600.0,96400.0,171800.0
game_035,slow,8,warm,30600.0,96400.0,171800.0
game_035,slow,9,warm,30600.0,96400.0,171800.0
game_036,slow,0,cold,13000.0,38800.0,135000.0
game_036,slow,1,warm,13000.0,38800.0,135000.0
game_036,slow,2,warm,13000.0,38800.0,135000.0
game_036,slow,3,warm,13000.0,38800.0,135000.0
game_036,slow,4,warm,13000.0,38800.0,135000.0
game_036,slow,5,warm,13000.0,38800.0,135000.0
game_036,slow,6,warm,13000.0,38800.0,135000.0
game_036,slow,7,warm,13000.0,38800.0,135000.0
game_036,slow,8,warm,13000.0,38800.0,135000.0
game_036,slow,9,warm,13000.0,38800.0,135000.0
game_037,slow,0,cold,24200.0,67600.0,184600.0
game_037,slow,1,warm,24200.0,67600.0,184600.0
game_037,slow,2,warm,24200.0,67600.0,184600.0
game_037,slow,3,warm,24200.0,67600.0,184600.0
game_037,slow,4,warm,24200.0,67600.0,184600.0
game_037,slow,5,warm,24200.0,67600.0,184600.0
game_037,slow,6,warm,24200.0,67600.0,184600.0
game_037,slow,7,warm,24200.0,67600.0,184600.0
game_037,slow,8,warm,24200.0,67600.0,184600.0
game_037,slow,9,warm,24200.0,67600.0,184600.0
game_038,slow,0,cold,35400.0,96400.0,234200.0
game_038,slow,1,warm,35400.0,96400.0,234200.0
game_038,slow,2,warm,35400.0,96400.0,234200.0
game_038,slow,3,warm,35400.0,96400.0,234200.0
game_038,slow,4,warm,35400.0,96400.0,234200.0
game_038,slow,5,warm,35400.0,96400.0,234200.0
game_038,slow,6,warm,35400.0,96400.0,234200.0
game_038,slow,7,warm,35400.0,96400.0,234200.0
game_038,slow,8,warm,35400.0,96400.0,234200.0
game_038,slow,9,warm,35400.0,96400.0,234200.0
game_039,slow,0,cold,17800.0,96400.0,139800.0
game_039,slow,1,warm,17800.0,96400.0,139800.0
game_039,slow,2,warm,17800.0,96400.0,139800.0
game_039,slow,3,warm,17800.0,96400.0,139800.0
game_039,slow,4,warm,17800.0,96400.0,139800.0
game_039,slow,5,warm,17800.0,96400.0,139800.0
game_039,slow,6,warm,17800.0,96400.0,139800.0
game_039,slow,7,warm,17800.0,96400.0,139800.0
game_039,slow,8,warm,17800.0,96400.0,139800.0
game_039,slow,9,warm,17800.0,96400.0,139800.0
game_040,slow,0,cold,29000.0,67600.0,131800.0
game_040,slow,1,warm,29000.0,67600.0,131800.0
game_040,slow,2,warm,29000.0,67600.0,131800.0
game_040,slow,3,warm,29000.0,67600.0,131800.0
game_040,slow,4,warm,29000.0,67600.0,131800.0
game_040,slow,5,warm,29000.0,67600.0,131800.0
game_040,slow,6,warm,29000.0,67600.0,131800.0
game_040,slow,7,warm,29000.0,67600.0,131800.0
game_040,slow,8,warm,29000.0,67600.0,131800.0
game_040,slow,9,warm,29000.0,67600.0,131800.0
game_041,slow,0,cold,40200.0,96400.0,181400.0
game_041,slow,1,warm,40200.0,96400.0,181400.0
game_041,slow,2,warm,40200.0,96400.0,181400.0
game_041,slow,3,warm,40200.0,96400.0,181400.0
game_041,slow,4,warm,40200.0,96400.0,181400.0
game_041,slow,5,warm,40200.0,96400.0,181400.0
game_041,slow,6,warm,40200.0,96400.0,181400.0
game_041,slow,7,warm,40200.0,96400.0,181400.0
game_041,slow,8,warm,40200.0,96400.0,181400.0
game_041,slow,9,warm,40200.0,96400.0,181400.0
game_042,slow,0,cold,22600.0,96400.0,202200.0
game_042,slow,1,warm,22600.0,96400.0,202200.0
game_042,slow,2,warm,22600.0,96400.0,202200.0
game_042,slow,3,warm,22600.0,96400.0,202200.0
game_042,slow,4,warm,22600.0,96400.0,202200.0
game_042,slow,5,warm,22600.0,96400.0,202200.0
game_042,slow,6,warm,22600.0,96400.0,202200.0
game_042,slow,7,warm,22600.0,96400.0,202200.0
game_042,slow,8,warm,22600.0,96400.0,202200.0
game_042,slow,9,warm,22600.0,96400.0,202200.0
game_043,slow,0,cold,33800.0,67600.0,194200.0
game_043,slow,1,warm,33800.0,67600.0,194200.0
game_043,slow,2,warm,33800.0,67600.0,194200.0
game_043,slow,3,warm,33800.0,67600.0,194200.0
game_043,slow,4,warm,33800.0,67600.0,194200.0
game_043,slow,5,warm,33800.0,67600.0,194200.0
game_043,slow,6,warm,33800.0,67600.0,194200.0
game_043,slow,7,warm,33800.0,67600.0,194200.0
game_043,slow,8,warm,33800.0,67600.0,194200.0
game_043,slow,9,warm,33800.0,67600.0,194200.0
game_044,slow,0,cold,16200.0,67600.0,215000.0
game_044,slow,1,warm,16200.0,67600.0,215000.0
game_044,slow,2,warm,16200.0,67600.0,215000.0
game_044,slow,3,warm,16200.0,67600.0,215000.0
game_044,slow,4,warm,16200.0,67600.0,215000.0
game_044,slow,5,warm,16200.0,67600.0,215000.0
game_044,slow,6,warm,16200.0,67600.0,215000.0
game_044,slow,7,warm,16200.0,67600.0,215000.0
game_044,slow,8,warm,16200.0,67600.0,215000.0
game_044,slow,9,warm,16200.0,67600.0,215000.0
game_045,slow,0,cold,27400.0,96400.0,149400.0
game_045,slow,1,warm,27400.0,96400.0,149400.0
game_045,slow,2,warm,27400.0,96400.0,149400.0
game_045,slow,3,warm,27400.0,96400.0,149400.0
game_045,slow,4,warm,27400.0,96400.0,149400.0
game_045,slow,5,warm,27400.0,96400.0,149400.0
game_045,slow,6,warm,27400.0,96400.0,149400.0
game_045,slow,7,warm,27400.0,96400.0,149400.0
game_045,slow,8,warm,27400.0,96400.0,149400.0
game_045,slow,9,warm,27400.0,96400.0,149400.0
game_046,slow,0,cold,38600.0,67600.0,141400.0
game_046,slow,1,warm,38600.0,67600.0,141400.0
game_046,slow,2,warm,38600.0,67600.0,141400.0
game_046,slow,3,warm,38600.0,67600.0,141400.0
game_046,slow,4,warm,38600.0,67600.0,141400.0
game_046,slow,5,warm,38600.0,67600.0,141400.0
game_046,slow,6,warm,38600.0,67600.0,141400.0
game_046,slow,7,warm,38600.0,67600.0,141400.0
game_046,slow,8,warm,38600.0,67600.0,141400.0
game_046,slow,9,warm,38600.0,67600.0,141400.0
game_047,slow,0,cold,21000.0,67600.0,162200.0
game_047,slow,1,warm,21000.0,67600.0,162200.0
game_047,slow,2,warm,21000.0,67600.0,162200.0
game_047,slow,3,warm,21000.0,67600.0,162200.0
game_047,slow,4,warm,21000.0,67600.0,162200.0
game_047,slow,5,warm,21000.0,67600.0,162200.0
game_047,slow,6,warm,21000.0,67600.0,162200.0
game_047,slow,7,warm,21000.0,67600.0,162200.0
game_047,slow,8,warm,21000.0,67600.0,162200.0
game_047,slow,9,warm,21000.0,67600.0,162200.0
game_048,slow,0,cold,32200.0,96400.0,211800.0
game_048,slow,1,warm,32200.0,96400.0,211800.0
game_048,slow,2,warm,32200.0,96400.0,211800.0
game_048,slow,3,warm,32200.0,96400.0,211800.0
game_048,slow,4,warm,32200.0,96400.0,211800.0
game_048,slow,5,warm,32200.0,96400.0,211800.0
game_048,slow,6,warm,32200.0,96400.0,211800.0
game_048,slow,7,warm,32200.0,96400.0,211800.0
game_048,slow,8,warm,32200.0,96400.0,211800.0
game_048,slow,9,warm,32200.0,96400.0,211800.0
game_049,slow,0,cold,14600.0,96400.0,232600.0
game_049,slow,1,warm,14600.0,96400.0,232600.0
game_049,slow,2,warm,14600.0,96400.0,232600.0
game_049,slow,3,warm,14600.0,96400.0,232600.0
game_049,slow,4,warm,14600.0,96400.0,232600.0
game_049,slow,5,warm,14600.0,96400.0,232600.0
game_049,slow,6,warm,14600.0,96400.0,232600.0
game_049,slow,7,warm,14600.0,96400.0,232600.0
game_049,slow,8,warm,14600.0,96400.0,232600.0
game_049,slow,9,warm,14600.0,96400.0,232600.0
game_050,slow,0,cold,25800.0,67600.0,109400.0
game_050,slow,1,warm,25800.0,67600.0,109400.0
game_050,slow,2,warm,25800.0,67600.0,109400.0
game_050,slow,3,warm,25800.0,67600.0,109400.0
game_050,slow,4,warm,25800.0,67600.0,109400.0
game_050,slow,5,warm,25800.0,67600.0,109400.0
game_050,slow,6,warm,25800.0,67600.0,109400.0
game_050,slow,7,warm,25800.0,67600.0,109400.0
game_050,slow,8,warm,25800.0,67600.0,109400.0
game_050,slow,9,warm,25800.0,67600.0,109400.0
game_051,slow,0,cold,37000.0,96400.0,159000.0
game_051,slow,1,warm,37000.0,96400.0,159000.0
game_051,slow,2,warm,37000.0,96400.0,159000.0
game_051,slow,3,warm,37000.0,96400.0,159000.0
game_051,slow,4,warm,37000.0,96400.0,159000.0
game_051,slow,5,warm,37000.0,96400.0,159000.0
game_051,slow,6,warm,37000.0,96400.0,159000.0
game_051,slow,7,warm,37000.0,96400.0,159000.0
game_051,slow,8,warm,37000.0,96400.0,159000.0
game_051,slow,9,warm,37000.0,96400.0,159000.0
game_052,slow,0,cold,19400.0,96400.0,179800.0
game_052,slow,1,warm,19400.0,96400.0,179800.0
game_052,slow,2,warm,19400.0,96400.0,179800.0
game_052,slow,3,warm,19400.0,96400.0,179800.0
game_052,slow,4,warm,19400.0,96400.0,179800.0
game_052,slow,5,warm,19400.0,96400.0,179800.0
game_052,slow,6,warm,19400.0,96400.0,179800.0
game_052,slow,7,warm,19400.0,96400.0,179800.0
game_052,slow,8,warm,19400.0,96400.0,179800.0
game_052,slow,9,warm,19400.0,96400.0,179800.0
game_053,slow,0,cold,30600.0,67600.0,171800.0
game_053,slow,1,warm,30600.0,67600.0,171800.0
game_053,slow,2,warm,30600.0,67600.0,171800.0
game_053,slow,3,warm,30600.0,67600.0,171800.0
game_053,slow,4,warm,30600.0,67600.0,171800.0
game_053,slow,5,warm,30600.0,67600.0,171800.0
game_053,slow,6,warm,30600.0,67600.0,171800.0
game_053,slow,7,warm,30600.0,67600.0,171800.0
game_053,slow,8,warm,30600.0,67600.0,171800.0
game_053,slow,9,warm,30600.0,67600.0,171800.0
game_054,slow,0,cold,13000.0,67600.0,192600.0
game_054,slow,1,warm,13000.0,67600.0,192600.0
game_054,slow,2,warm,13000.0,67600.0,192600.0
game_054,slow,3,warm,13000.0,67600.0,192600.0
game_054,slow,4,warm,13000.0,67600.0,192600.0
game_054,slow,5,warm,13000.0,67600.0,192600.0
game_054,slow,6,warm,13000.0,67600.0,192600.0
game_054,slow,7,warm,13000.0,67600.0,192600.0
game_054,slow,8,warm,13000.0,67600.0,192600.0
game_054,slow,9,warm,13000.0,67600.0,192600.0
game_055,slow,0,cold,24200.0,96400.0,242200.0
game_055,slow,1,warm,24200.0,96400.0,242200.0
game_055,slow,2,warm,24200.0,96400.0,242200.0
game_055,slow,3,warm,24200.0,96400.0,242200.0
game_055,slow,4,warm,24200.0,96400.0,242200.0
game_055,slow,5,warm,24200.0,96400.0,242200.0
game_055,slow,6,warm,24200.0,96400.0,242200.0
game_055,slow,7,warm,24200.0,96400.0,242200.0
game_055,slow,8,warm,24200.0,96400.0,242200.0
game_055,slow,9,warm,24200.0,96400.0,242200.0
game_056,slow,0,cold,35400.0,67600.0,119000.0
game_056,slow,1,warm,35400.0,67600.0,119000.0
game_056,slow,2,warm,35400.0,67600.0,119000.0
game_056,slow,3,warm,35400.0,67600.0,119000.0
game_056,slow,4,warm,35400.0,67600.0,119000.0
game_056,slow,5,warm,35400.0,67600.0,119000.0
game_056,slow,6,warm,35400.0,67600.0,119000.0
game_056,slow,7,warm,35400.0,67600.0,119000.0
game_056,slow,8,warm,35400.0,67600.0,119000.0
game_056,slow,9,warm,35400.0,67600.0,119000.0
game_057,slow,0,cold,17800.0,67600.0,139800.0
game_057,slow,1,warm,17800.0,67600.0,139800.0
game_057,slow,2,warm,17800.0,67600.0,139800.0
game_057,slow,3,warm,17800.0,67600.0,139800.0
game_057,slow,4,warm,17800.0,67600.0,139800.0
game_057,slow,5,warm,17800.0,67600.0,139800.0
game_057,slow,6,warm,17800.0,67600.0,139800.0
game_057,slow,7,warm,17800.0,67600.0,139800.0
game_057,slow,8,warm,17800.0,67600.0,139800.0
game_057,slow,9,warm,17800.0,67600.0,139800.0
game_058,slow,0,cold,29000.0,96400.0,189400.0
game_058,slow,1,warm,29000.0,96400.0,189400.0
game_058,slow,2,warm,29000.0,96400.0,189400.0
game_058,slow,3,warm,29000.0,96400.0,189400.0
game_058,slow,4,warm,29000.0,96400.0,189400.0
game_058,slow,5,warm,29000.0,96400.0,189400.0
game_058,slow,6,warm,29000.0,96400.0,189400.0
game_058,slow,7,warm,29000.0,96400.0,189400.0
game_058,slow,8,warm,29000.0,96400.0,189400.0
game_058,slow,9,warm,29000.0,96400.0,189400.0
game_059,slow,0,cold,40200.0,67600.0,181400.0
game_059,slow,1,warm,40200.0,67600.0,181400.0
game_059,slow,2,warm,40200.0,67600.0,181400.0
game_059,slow,3,warm,40200.0,67600.0,181400.0
game_059,slow,4,warm,40200.0,67600.0,181400.0
game_059,slow,5,warm,40200.0,67600.0,181400.0
game_059,slow,6,warm,40200.0,67600.0,181400.0
game_059,slow,7,warm,40200.0,67600.0,181400.0
game_059,slow,8,warm,40200.0,67600.0,181400.0
game_059,slow,9,warm,40200.0,67600.0,181400.0
game_060,slow,0,cold,22600.0,67600.0,202200.0
game_060,slow,1,warm,22600.0,67600.0,202200.0
game_060,slow,2,warm,22600.0,67600.0,202200.0
game_060,slow,3,warm,22600.0,67600.0,202200.0
game_060,slow,4,warm,22600.0,67600.0,202200.0
game_060,slow,5,warm,22600.0,67600.0,202200.0
game_060,slow,6,warm,22600.0,67600.0,202200.0
game_060,slow,7,warm,22600.0,67600.0,202200.0
game_060,slow,8,warm,22600.0,67600.0,202200.0
game_060,slow,9,warm,22600.0,67600.0,202200.0
game_061,slow,0,cold,33800.0,96400.0,136600.0
game_061,slow,1,warm,33800.0,96400.0,136600.0
game_061,slow,2,warm,33800.0,96400.0,136600.0
game_061,slow,3,warm,33800.0,96400.0,136600.0
game_061,slow,4,warm,33800.0,96400.0,136600.0
game_061,slow,5,warm,33800.0,96400.0,136600.0
game_061,slow,6,warm,33800.0,96400.0,136600.0
game_061,slow,7,warm,33800.0,96400.0,136600.0
game_061,slow,8,warm,33800.0,96400.0,136600.0
game_061,slow,9,warm,33800.0,96400.0,136600.0
game_062,slow,0,cold,16200.0,96400.0,157400.0
game_062,slow,1,warm,16200.0,96400.0,157400.0
game_062,slow,2,warm,16200.0,96400.0,157400.0
game_062,slow,3,warm,16200.0,96400.0,157400.0
game_062,slow,4,warm,16200.0,96400.0,157400.0
game_062,slow,5,warm,16200.0,96400.0,157400.0
game_062,slow,6,warm,16200.0,96400.0,157400.0
game_062,slow,7,warm,16200.0,96400.0,157400.0
game_062,slow,8,warm,16200.0,96400.0,157400.0
game_062,slow,9,warm,16200.0,96400.0,157400.0
game_063,slow,0,cold,27400.0,67600.0,149400.0
game_063,slow,1,warm,27400.0,67600.0,149400.0
game_063,slow,2,warm,27400.0,67600.0,149400.0
game_063,slow,3,warm,27400.0,67600.0,149400.0
game_063,slow,4,warm,27400.0,67600.0,149400.0
game_063,slow,5,warm,27400.0,67600.0,149400.0
game_063,slow,6,warm,27400.0,67600.0,149400.0
game_063,slow,7,warm,27400.0,67600.0,149400.0
game_063,slow,8,warm,27400.0,67600.0,149400.0
game_063,slow,9,warm,27400.0,67600.0,149400.0
game_064,slow,0,cold,38600.0,96400.0,199000.0
game_064,slow,1,warm,38600.0,96400.0,199000.0
game_064,slow,2,warm,38600.0,96400.0,199000.0
game_064,slow,3,warm,38600.0,96400.0,199000.0
game_064,slow,4,warm,38600.0,96400.0,199000.0
game_064,slow,5,warm,38600.0,96400.0,199000.0
game_064,slow,6,warm,38600.0,96400.0,199000.0
game_064,slow,7,warm,38600.0,96400.0,199000.0
game_064,slow,8,warm,38600.0,96400.0,199000.0
game_064,slow,9,warm,38600.0,96400.0,199000.0
game_065,slow,0,cold,21000.0,96400.0,219800.0
game_065,slow,1,warm,21000.0,96400.0,219800.0
game_065,slow,2,warm,21000.0,96400.0,219800.0
game_065,slow,3,warm,21000.0,96400.0,219800.0
game_065,slow,4,warm,21000.0,96400.0,219800.0
game_065,slow,5,warm,21000.0,96400.0,219800.0
game_065,slow,6,warm,21000.0,96400.0,219800.0
game_065,slow,7,warm,21000.0,96400.0,219800.0
game_065,slow,8,warm,21000.0,96400.0,219800.0
game_065,slow,9,warm,21000.0,96400.0,219800.0
game_066,slow,0,cold,32200.0,67600.0,211800.0
game_066,slow,1,warm,32200.0,67600.0,211800.0
game_066,slow,2,warm,32200.0,67600.0,211800.0
game_066,slow,3,warm,32200.0,67600.0,211800.0
game_066,slow,4,warm,32200.0,67600.0,211800.0
game_066,slow,5,warm,32200.0,67600.0,211800.0
game_066,slow,6,warm,32200.0,67600.0,211800.0
game_066,slow,7,warm,32200.0,67600.0,211800.0
game_066,slow,8,warm,32200.0,67600.0,211800.0
game_066,slow,9,warm,32200.0,67600.0,211800.0
game_067,slow,0,cold,14600.0,67600.0,117400.0
game_067,slow,1,warm,14600.0,67600.0,117400.0
game_067,slow,2,warm,14600.0,67600.0,117400.0
game_067,slow,3,warm,14600.0,67600.0,117400.0
game_067,slow,4,warm,14600.0,67600.0,117400.0
game_067,slow,5,warm,14600.0,67600.0,117400.0
game_067,slow,6,warm,14600.0,67600.0,117400.0
game_067,slow,7,warm,14600.0,67600.0,117400.0
game_067,slow,8,warm,14600.0,67600.0,117400.0
game_067,slow,9,warm,14600.0,67600.0,117400.0
game_068,slow,0,cold,25800.0,96400.0,167000.0
game_068,slow,1,warm,25800.0,96400.0,167000.0
game_068,slow,2,warm,25800.0,96400.0,167000.0
game_068,slow,3,warm,25800.0,96400.0,167000.0
game_068,slow,4,warm,25800.0,96400.0,167000.0
game_068,slow,5,warm,25800.0,96400.0,167000.0
game_068,slow,6,warm,25800.0,96400.0,167000.0
game_068,slow,7,warm,25800.0,96400.0,167000.0
game_068,slow,8,warm,25800.0,96400.0,167000.0
game_068,slow,9,warm,25800.0,96400.0,167000.0
game_069,slow,0,cold,37000.0,67600.0,159000.0
game_069,slow,1,warm,37000.0,67600.0,159000.0
game_069,slow,2,warm,37000.0,67600.0,159000.0
game_069,slow,3,warm,37000.0,67600.0,159000.0
game_069,slow,4,warm,37000.0,67600.0,159000.0
game_069,slow,5,warm,37000.0,67600.0,159000.0
game_069,slow,6,warm,37000.0,67600.0,159000.0
game_069,slow,7,warm,37000.0,67600.0,159000.0
game_069,slow,8,warm,37000.0,67600.0,159000.0
game_069,slow,9,warm,37000.0,67600.0,159000.0
game_070,slow,0,cold,19400.0,67600.0,179800.0
game_070,slow,1,warm,19400.0,67600.0,179800.0
game_070,slow,2,warm,19400.0,67600.0,179800.0
game_070,slow,3,warm,19400.0,67600.0,179800.0
game_070,slow,4,warm,19400.0,67600.0,179800.0
game_070,slow,5,warm,19400.0,67600.0,179800.0
game_070,slow,6,warm,19400.0,67600.0,179800.0
game_070,slow,7,warm,19400.0,67600.0,179800.0
game_070,slow,8,warm,19400.0,67600.0,179800.0
game_070,slow,9,warm,19400.0,67600.0,179800.0
game_071,slow,0,cold,30600.0,96400.0,229400.0
game_071,slow,1,warm,30600.0,96400.0,229400.0
game_071,slow,2,warm,30600.0,96400.0,229400.0
game_071,slow,3,warm,30600.0,96400.0,229400.0
game_071,slow,4,warm,30600.0,96400.0,229400.0
game_071,slow,5,warm,30600.0,96400.0,229400.0
game_071,slow,6,warm,30600.0,96400.0,229400.0
game_071,slow,7,warm,30600.0,96400.0,229400.0
game_071,slow,8,warm,30600.0,96400.0,229400.0
game_071,slow,9,warm,30600.0,96400.0,229400.0
game_072,slow,0,cold,13000.0,38800.0,77400.0
game_072,slow,1,warm,13000.0,38800.0,77400.0
game_072,slow,2,warm,13000.0,38800.0,77400.0
game_072,slow,3,warm,13000.0,38800.0,77400.0
game_072,slow,4,warm,13000.0,38800.0,77400.0
game_072,slow,5,warm,13000.0,38800.0,77400.0
game_072,slow,6,warm,13000.0,38800.0,77400.0
game_072,slow,7,warm,13000.0,38800.0,77400.0
game_072,slow,8,warm,13000.0,38800.0,77400.0
game_072,slow,9,warm,13000.0,38800.0,77400.0
game_073,slow,0,cold,24200.0,67600.0,127000.0
game_073,slow,1,warm,24200.0,67600.0,127000.0
game_073,slow,2,warm,24200.0,67600.0,127000.0
game_073,slow,3,warm,24200.0,67600.0,127000.0
game_073,slow,4,warm,24200.0,67600.0,127000.0
game_073,slow,5,warm,24200.0,67600.0,127000.0
game_073,slow,6,warm,24200.0,67600.0,127000.0
game_073,slow,7,warm,24200.0,67600.0,127000.0
game_073,slow,8,warm,24200.0,67600.0,127000.0
game_073,slow,9,warm,24200.0,67600.0,127000.0
game_074,slow,0,cold,35400.0,96400.0,176600.0
game_074,slow,1,warm,35400.0,96400.0,176600.0
game_074,slow,2,warm,35400.0,96400.0,176600.0
game_074,slow,3,warm,35400.0,96400.0,176600.0
game_074,slow,4,warm,35400.0,96400.0,176600.0
game_074,slow,5,warm,35400.0,96400.0,176600.0
game_074,slow,6,warm,35400.0,96400.0,176600.0
game_074,slow,7,warm,35400.0,96400.0,176600.0
game_074,slow,8,warm,35400.0,96400.0,176600.0
game_074,slow,9,warm,35400.0,96400.0,176600.0
game_075,slow,0,cold,17800.0,96400.0,197400.0
game_075,slow,1,warm,17800.0,96400.0,197400.0
game_075,slow,2,warm,17800.0,96400.0,197400.0
game_075,slow,3,warm,17800.0,96400.0,197400.0
game_075,slow,4,warm,17800.0,96400.0,197400.0
game_075,slow,5,warm,17800.0,96400.0,197400.0
game_075,slow,6,warm,17800.0,96400.0,197400.0
game_075,slow,7,warm,17800.0,96400.0,197400.0
game_075,slow,8,warm,17800.0,96400.0,197400.0
game_075,slow,9,warm,17800.0,96400.0,197400.0
game_076,slow,0,cold,29000.0,67600.0,189400.0
game_076,slow,1,warm,29000.0,67600.0,189400.0
game_076,slow,2,warm,29000.0,67600.0,189400.0
game_076,slow,3,warm,29000.0,67600.0,189400.0
game_076,slow,4,warm,29000.0,67600.0,189400.0
game_076,slow,5,warm,29000.0,67600.0,189400.0
game_076,slow,6,warm,29000.0,67600.0,189400.0
game_076,slow,7,warm,29000.0,67600.0,189400.0
game_076,slow,8,warm,29000.0,67600.0,189400.0
game_076,slow,9,warm,29000.0,67600.0,189400.0
game_077,slow,0,cold,40200.0,96400.0,239000.0
game_077,slow,1,warm,40200.0,96400.0,239000.0
game_077,slow,2,warm,40200.0,96400.0,239000.0
game_077,slow,3,warm,40200.0,96400.0,239000.0
game_077,slow,4,warm,40200.0,96400.0,239000.0
game_077,slow,5,warm,40200.0,96400.0,239000.0
game_077,slow,6,warm,40200.0,96400.0,239000.0
game_077,slow,7,warm,40200.0,96400.0,239000.0
game_077,slow,8,warm,40200.0,96400.0,239000.0
game_077,slow,9,warm,40200.0,96400.0,239000.0
game_078,slow,0,cold,22600.0,96400.0,144600.0
game_078,slow,1,warm,22600.0,96400.0,144600.0
game_078,slow,2,warm,22600.0,96400.0,144600.0
game_078,slow,3,warm,22600.0,96400.0,144600.0
game_078,slow,4,warm,22600.0,96400.0,144600.0
game_078,slow,5,warm,22600.0,96400.0,144600.0
game_078,slow,6,warm,22600.0,96400.0,144600.0
game_078,slow,7,warm,22600.0,96400.0,144600.0
game_078,slow,8,warm,22600.0,96400.0,144600.0
game_078,slow,9,warm,22600.0,96400.0,144600.0
game_079,slow,0,cold,33800.0,67600.0,136600.0
game_079,slow,1,warm,33800.0,67600.0,136600.0
game_079,slow,2,warm,33800.0,67600.0,136600.0
game_079,slow,3,warm,33800.0,67600.0,136600.0
game_079,slow,4,warm,33800.0,67600.0,136600.0
game_079,slow,5,warm,33800.0,67600.0,136600.0
game_079,slow,6,warm,33800.0,67600.0,136600.0
game_079,slow,7,warm,33800.0,67600.0,136600.0
game_079,slow,8,warm,33800.0,67600.0,136600.0
game_079,slow,9,warm,33800.0,67600.0,136600.0
game_080,slow,0,cold,16200.0,67600.0,157400.0
game_080,slow,1,warm,16200.0,67600.0,157400.0
game_080,slow,2,warm,16200.0,67600.0,157400.0
game_080,slow,3,warm,16200.0,67600.0,157400.0
game_080,slow,4,warm,16200.0,67600.0,157400.0
game_080,slow,5,warm,16200.0,67600.0,157400.0
game_080,slow,6,warm,16200.0,67600.0,157400.0
game_080,slow,7,warm,16200.0,67600.0,157400.0
game_080,slow,8,warm,16200.0,67600.0,157400.0
game_080,slow,9,warm,16200.0,67600.0,157400.0
game_081,slow,0,cold,27400.0,96400.0,207000.0
game_081,slow,1,warm,27400.0,96400.0,207000.0
game_081,slow,2,warm,27400.0,96400.0,207000.0
game_081,slow,3,warm,27400.0,96400.0,207000.0
game_081,slow,4,warm,27400.0,96400.0,207000.0
game_081,slow,5,warm,27400.0,96400.0,207000.0
game_081,slow,6,warm,27400.0,96400.0,207000.0
game_081,slow,7,warm,27400.0,96400.0,207000.0
game_081,slow,8,warm,27400.0,96400.0,207000.0
game_081,slow,9,warm,27400.0,96400.0,207000.0
game_082,slow,0,cold,38600.0,67600.0,199000.0
game_082,slow,1,warm,38600.0,67600.0,199000.0
game_082,slow,2,warm,38600.0,67600.0,199000.0
game_082,slow,3,warm,38600.0,67600.0,199000.0
game_082,slow,4,warm,38600.0,67600.0,199000.0
game_082,slow,5,warm,38600.0,67600.0,199000.0
game_082,slow,6,warm,38600.0,67600.0,199000.0
game_082,slow,7,warm,38600.0,67600.0,199000.0
game_082,slow,8,warm,38600.0,67600.0,199000.0
game_082,slow,9,warm,38600.0,67600.0,199000.0
game_083,slow,0,cold,21000.0,67600.0,219800.0
game_083,slow,1,warm,21000.0,67600.0,219800.0
game_083,slow,2,warm,21000.0,67600.0,219800.0
game_083,slow,3,warm,21000.0,67600.0,219800.0
game_083,slow,4,warm,21000.0,67600.0,219800.0
game_083,slow,5,warm,21000.0,67600.0,219800.0
game_083,slow,6,warm,21000.0,67600.0,219800.0
game_083,slow,7,warm,21000.0,67600.0,219800.0
game_083,slow,8,warm,21000.0,67600.0,219800.0
game_083,slow,9,warm,21000.0,67600.0,219800.0
game_084,slow,0,cold,32200.0,96400.0,154200.0
game_084,slow,1,warm,32200.0,96400.0,154200.0
game_084,slow,2,warm,32200.0,96400.0,154200.0
game_084,slow,3,warm,32200.0,96400.0,154200.0
game_084,slow,4,warm,32200.0,96400.0,154200.0
game_084,slow,5,warm,32200.0,96400.0,154200.0
game_084,slow,6,warm,32200.0,96400.0,154200.0
game_084,slow,7,warm,32200.0,96400.0,154200.0
game_084,slow,8,warm,32200.0,96400.0,154200.0
game_084,slow,9,warm,32200.0,96400.0,154200.0
game_085,slow,0,cold,14600.0,96400.0,175000.0
game_085,slow,1,warm,14600.0,96400.0,175000.0
game_085,slow,2,warm,14600.0,96400.0,175000.0
game_085,slow,3,warm,14600.0,96400.0,175000.0
game_085,slow,4,warm,14600.0,96400.0,175000.0
game_085,slow,5,warm,14600.0,96400.0,175000.0
game_085,slow,6,warm,14600.0,96400.0,175000.0
game_085,slow,7,warm,14600.0,96400.0,175000.0
game_085,slow,8,warm,14600.0,96400.0,175000.0
game_085,slow,9,warm,14600.0,96400.0,175000.0
game_086,slow,0,cold,25800.0,67600.0,167000.0
game_086,slow,1,warm,25800.0,67600.0,167000.0
game_086,slow,2,warm,25800.0,67600.0,167000.0
game_086,slow,3,warm,25800.0,67600.0,167000.0
game_086,slow,4,warm,25800.0,67600.0,167000.0
game_086,slow,5,warm,25800.0,67600.0,167000.0
game_086,slow,6,warm,25800.0,67600.0,167000.0
game_086,slow,7,warm,25800.0,67600.0,167000.0
game_086,slow,8,warm,25800.0,67600.0,167000.0
game_086,slow,9,warm,25800.0,67600.0,167000.0
game_087,slow,0,cold,37000.0,96400.0,216600.0
game_087,slow,1,warm,37000.0,96400.0,216600.0
game_087,slow,2,warm,37000.0,96400.0,216600.0
game_087,slow,3,warm,37000.0,96400.0,216600.0
game_087,slow,4,warm,37000.0,96400.0,216600.0
game_087,slow,5,warm,37000.0,96400.0,216600.0
game_087,slow,6,warm,37000.0,96400.0,216600.0
game_087,slow,7,warm,37000.0,96400.0,216600.0
game_087,slow,8,warm,37000.0,96400.0,216600.0
game_087,slow,9,warm,37000.0,96400.0,216600.0
game_088,slow,0,cold,19400.0,96400.0,237400.0
game_088,slow,1,warm,19400.0,96400.0,237400.0
game_088,slow,2,warm,19400.0,96400.0,237400.0
game_088,slow,3,warm,19400.0,96400.0,237400.0
game_088,slow,4,warm,19400.0,96400.0,237400.0
game_088,slow,5,warm,19400.0,96400.0,237400.0
game_088,slow,6,warm,19400.0,96400.0,237400.0
game_088,slow,7,warm,19400.0,96400.0,237400.0
game_088,slow,8,warm,19400.0,96400.0,237400.0
game_088,slow,9,warm,19400.0,96400.0,237400.0
game_089,slow,0,cold,30600.0,67600.0,114200.0
game_089,slow,1,warm,30600.0,67600.0,114200.0
game_089,slow,2,warm,30600.0,67600.0,114200.0
game_089,slow,3,warm,30600.0,67600.0,114200.0
game_089,slow,4,warm,30600.0,67600.0,114200.0
game_089,slow,5,warm,30600.0,67600.0,114200.0
game_089,slow,6,warm,30600.0,67600.0,114200.0
game_089,slow,7,warm,30600.0,67600.0,114200.0
game_089,slow,8,warm,30600.0,67600.0,114200.0
game_089,slow,9,warm,30600.0,67600.0,114200.0
game_090,slow,0,cold,13000.0,67600.0,135000.0
game_090,slow,1,warm,13000.0,67600.0,135000.0
game_090,slow,2,warm,13000.0,67600.0,135000.0
game_090,slow,3,warm,13000.0,67600.0,135000.0
game_090,slow,4,warm,13000.0,67600.0,135000.0
game_090,slow,5,warm,13000.0,67600.0,135000.0
game_090,slow,6,warm,13000.0,67600.0,135000.0
game_090,slow,7,warm,13000.0,67600.0,135000.0
game_090,slow,8,warm,13000.0,67600.0,135000.0
game_090,slow,9,warm,13000.0,67600.0,135000.0
game_091,slow,0,cold,24200.0,96400.0,184600.0
game_091,slow,1,warm,24200.0,96400.0,184600.0
game_091,slow,2,warm,24200.0,96400.0,184600.0
game_091,slow,3,warm,24200.0,96400.0,184600.0
game_091,slow,4,warm,24200.0,96400.0,184600.0
game_091,slow,5,warm,24200.0,96400.0,184600.0
game_091,slow,6,warm,24200.0,96400.0,184600.0
game_091,slow,7,warm,24200.0,96400.0,184600.0
game_091,slow,8,warm,24200.0,96400.0,184600.0
game_091,slow,9,warm,24200.0,96400.0,184600.0
game_092,slow,0,cold,35400.0,67600.0,176600.0
game_092,slow,1,warm,35400.0,67600.0,176600.0
game_092,slow,2,warm,35400.0,67600.0,176600.0
game_092,slow,3,warm,35400.0,67600.0,176600.0
game_092,slow,4,warm,35400.0,67600.0,176600.0
game_092,slow,5,warm,35400.0,67600.0,176600.0
game_092,slow,6,warm,35400.0,67600.0,176600.0
game_092,slow,7,warm,35400.0,67600.0,176600.0
game_092,slow,8,warm,35400.0,67600.0,176600.0
game_092,slow,9,warm,35400.0,67600.0,176600.0
game_093,slow,0,cold,17800.0,67600.0,197400.0
game_093,slow,1,warm,17800.0,67600.0,197400.0
game_093,slow,2,warm,17800.0,67600.0,197400.0
game_093,slow,3,warm,17800.0,67600.0,197400.0
game_093,slow,4,warm,17800.0,67600.0,197400.0
game_093,slow,5,warm,17800.0,67600.0,197400.0
game_093,slow,6,warm,17800.0,67600.0,197400.0
game_093,slow,7,warm,17800.0,67600.0,197400.0
game_093,slow,8,warm,17800.0,67600.0,197400.0
game_093,slow,9,warm,17800.0,67600.0,197400.0
game_094,slow,0,cold,29000.0,96400.0,247000.0
game_094,slow,1,warm,29000.0,96400.0,247000.0
game_094,slow,2,warm,29000.0,96400.0,247000.0
game_094,slow,3,warm,29000.0,96400.0,247000.0
game_094,slow,4,warm,29000.0,96400.0,247000.0
game_094,slow,5,warm,29000.0,96400.0,247000.0
game_094,slow,6,warm,29000.0,96400.0,247000.0
game_094,slow,7,warm,29000.0,96400.0,247000.0
game_094,slow,8,warm,29000.0,96400.0,247000.0
game_094,slow,9,warm,29000.0,96400.0,247000.0
game_095,slow,0,cold,40200.0,67600.0,123800.0
game_095,slow,1,warm,40200.0,67600.0,123800.0
game_095,slow,2,warm,40200.0,67600.0,123800.0
game_095,slow,3,warm,40200.0,67600.0,123800.0
game_095,slow,4,warm,40200.0,67600.0,123800.0
game_095,slow,5,warm,40200.0,67600.0,123800.0
game_095,slow,6,warm,40200.0,67600.0,123800.0
game_095,slow,7,warm,40200.0,67600.0,123800.0
game_095,slow,8,warm,40200.0,67600.0,123800.0
game_095,slow,9,warm,40200.0,67600.0,123800.0
game_096,slow,0,cold,22600.0,67600.0,144600.0
game_096,slow,1,warm,22600.0,67600.0,144600.0
game_096,slow,2,warm,22600.0,67600.0,144600.0
game_096,slow,3,warm,22600.0,67600.0,144600.0
game_096,slow,4,warm,22600.0,67600.0,144600.0
game_096,slow,5,warm,22600.0,67600.0,144600.0
game_096,slow,6,warm,22600.0,67600.0,144600.0
game_096,slow,7,warm,22600.0,67600.0,144600.0
game_096,slow,8,warm,22600.0,67600.0,144600.0
game_096,slow,9,warm,22600.0,67600.0,144600.0
game_097,slow,0,cold,33800.0,96400.0,194200.0
game_097,slow,1,warm,33800.0,96400.0,194200.0
game_097,slow,2,warm,33800.0,96400.0,194200.0
game_097,slow,3,warm,33800.0,96400.0,194200.0
game_097,slow,4,warm,33800.0,96400.0,194200.0
game_097,slow,5,warm,33800.0,96400.0,194200.0
game_097,slow,6,warm,33800.0,96400.0,194200.0
game_097,slow,7,warm,33800.0,96400.0,194200.0
game_097,slow,8,warm,33800.0,96400.0,194200.0
game_097,slow,9,warm,33800.0,96400.0,194200.0
game_098,slow,0,cold,16200.0,96400.0,215000.0
game_098,slow,1,warm,16200.0,96400.0,215000.0
game_098,slow,2,warm,16200.0,96400.0,215000.0
game_098,slow,3,warm,16200.0,96400.0,215000.0
game_098,slow,4,warm,16200.0,96400.0,215000.0
game_098,slow,5,warm,16200.0,96400.0,215000.0
game_098,slow,6,warm,16200.0,96400.0,215000.0
game_098,slow,7,warm,16200.0,96400.0,215000.0
game_098,slow,8,warm,16200.0,96400.0,215000.0
game_098,slow,9,warm,16200.0,96400.0,215000.0
game_099,slow,0,cold,27400.0,67600.0,207000.0
game_099,slow,1,warm,27400.0,67600.0,207000.0
game_099,slow,2,warm,27400.0,67600.0,207000.0
game_099,slow,3,warm,27400.0,67600.0,207000.0
game_099,slow,4,warm,27400.0,67600.0,207000.0
game_099,slow,5,warm,27400.0,67600.0,207000.0
game_099,slow,6,warm,27400.0,67600.0,207000.0
game_099,slow,7,warm,27400.0,67600.0,207000.0
game_099,slow,8,warm,27400.0,67600.0,207000.0
game_099,slow,9,warm,27400.0,67600.0,207000.0
game_100,slow,0,cold,38600.0,96400.0,141400.0
game_100,slow,1,warm,38600.0,96400.0,141400.0
game_100,slow,2,warm,38600.0,96400.0,141400.0
game_100,slow,3,warm,38600.0,96400.0,141400.0
game_100,slow,4,warm,38600.0,96400.0,141400.0
game_100,slow,5,warm,38600.0,96400.0,141400.0
game_100,slow,6,warm,38600.0,96400.0,141400.0
game_100,slow,7,warm,38600.0,96400.0,141400.0
game_100,slow,8,warm,38600.0,96400.0,141400.0
game_100,slow,9,warm,38600.0,96400.0,141400.0
